subject,task,acq,run,tc,roi,betas,n_repeats
sub-01,1back,obj,01,1200130101,10pp,"[0.20870743691921234, -0.3834197521209717, -0.5883975625038147, -0.8008453249931335, -1.0272023677825928]",4
sub-01,1back,obj,01,3110312031,10pp,"[-0.5826652646064758, -0.8735635876655579, -0.9258483052253723, -0.9380882978439331, -0.9593862295150757]",4
sub-01,1back,obj,01,1110112011,10pp,"[0.197623148560524, 0.1073635071516037, 0.07576794177293777, 0.00384797272272408, -0.2247592806816101]",4
sub-01,1back,obj,01,1310101110,10pp,"[-0.3937789499759674, -0.2397352159023285, -0.035964641720056534, -0.09864936769008636, -0.08446665108203888]",4
sub-01,1back,obj,01,1000110012,10pp,"[-0.23515649139881134, -0.5763999223709106, -0.6139119863510132, -0.4874703586101532, -0.13191473484039307]",4
sub-01,1back,obj,01,1002110212,10pp,"[0.5478020310401917, -0.22072625160217285, -0.27098599076271057, -0.2997378706932068, -0.561812698841095]",4
sub-01,1back,obj,01,2130303100,10pp,"[0.14434723556041718, -0.2730218768119812, -0.2790713310241699, -0.2620188891887665, -0.28831976652145386]",4
sub-01,1back,obj,01,2010301100,10pp,"[0.5848235487937927, 0.8171139359474182, 0.783603847026825, 0.6653415560722351, 0.8253054022789001]",4
sub-01,1back,obj,01,1000200030,10pp,"[0.5496435761451721, -0.07642847299575806, -0.21512866020202637, -0.2714969217777252, -0.509847104549408]",4
sub-01,1back,obj,01,1302020302,10pp,"[0.12555444240570068, -0.41851407289505005, -0.3210541903972626, -0.25047293305397034, -0.043206654489040375]",4
sub-01,interdms,ctg_ABAB,01,13110103.0,10pp,"[0.28205782175064087, 1.3162662982940674, 0.38307473063468933, 0.08543615788221359]",4
sub-01,interdms,ctg_ABAB,01,3020203.0,10pp,"[1.8907865285873413, 1.4739454984664917, -0.17002207040786743, -0.36398375034332275]",4
sub-01,interdms,ctg_ABAB,01,130110.0,10pp,"[0.8209394812583923, -0.02023087628185749, -0.8071274161338806, -0.7504405975341797]",4
sub-01,interdms,ctg_ABAB,01,001310.0,10pp,"[0.8184919953346252, 0.24233274161815643, -0.459669291973114, -0.3862444758415222]",4
sub-01,interdms,ctg_ABAB,01,121211.0,10pp,"[0.02210216037929058, -0.4116836488246918, -0.6206137537956238, -0.3123200833797455]",4
sub-01,interdms,ctg_ABAB,01,11021200.0,10pp,"[0.07359624654054642, 0.5956792235374451, -0.0054932874627411366, 0.03183714300394058]",4
sub-01,interdms,ctg_ABAB,01,3110211.0,10pp,"[1.3685232400894165, 0.46777692437171936, -0.35240715742111206, -0.2852499485015869]",4
sub-01,interdms,obj_ABBA,01,13110103.0,10pp,"[0.7895262837409973, 1.697458267211914, 0.4553450047969818, 0.09856239706277847]",4
sub-01,interdms,obj_ABBA,01,3020203.0,10pp,"[0.010011749342083931, 0.18626220524311066, -0.14546073973178864, -0.01956183835864067]",4
sub-01,interdms,obj_ABBA,01,130110.0,10pp,"[0.5406843423843384, 1.3574897050857544, -0.07730786502361298, -0.02063429355621338]",4
sub-01,interdms,obj_ABBA,01,001310.0,10pp,"[1.0049790143966675, 1.9260241985321045, 0.5896544456481934, 0.6787229776382446]",4
sub-01,interdms,obj_ABBA,01,121211.0,10pp,"[0.3524218499660492, 1.097220778465271, 0.28321874141693115, 0.11912331730127335]",4
sub-01,interdms,obj_ABBA,01,11021200.0,10pp,"[2.3553833961486816, 1.9275046586990356, 0.6112117767333984, 0.4369707405567169]",4
sub-01,interdms,obj_ABBA,01,3110211.0,10pp,"[0.9792071580886841, 1.269128680229187, -0.24409423768520355, -0.27902236580848694]",4
sub-01,ctxdm,col,01,101303.0,10pp,"[-0.1252993792295456, 0.038677945733070374, -0.03131682053208351]",4
sub-01,ctxdm,col,01,30113.0,10pp,"[0.05729614570736885, -0.05301738902926445, -0.16929271817207336]",4
sub-01,ctxdm,col,01,120211.0,10pp,"[-0.015197508968412876, 0.11126647889614105, 0.07767011970281601]",4
sub-01,ctxdm,col,01,100212.0,10pp,"[0.0668410062789917, -0.9440935850143433, -1.2192517518997192]",4
sub-01,ctxdm,col,01,101213.0,10pp,"[0.23500396311283112, -1.1268231868743896, -1.6621694564819336]",1
sub-01,ctxdm,col,01,1003.0,10pp,"[-0.4991689622402191, -1.5850919485092163, -2.013232469558716]",1
sub-01,ctxdm,col,01,10013.0,10pp,"[0.35683828592300415, -1.0941323041915894, -1.2009999752044678]",4
sub-01,ctxdm,col,01,120002.0,10pp,"[-0.37168261408805847, -0.8040838241577148, -0.974859356880188]",4
sub-01,ctxdm,col,01,0001.0,10pp,"[-0.32361477613449097, -0.33508390188217163, -0.4948660731315613]",4
sub-01,ctxdm,col,01,31213.0,10pp,"[0.06002802029252052, -0.46757322549819946, -0.4117291569709778]",4
sub-01,ctxdm,col,01,11101.0,10pp,"[-1.0253299474716187, -0.5679760575294495, -0.2068510800600052]",1
sub-01,ctxdm,col,01,110201.0,10pp,"[0.5849562287330627, -0.031199239194393158, 0.15093287825584412]",1
sub-01,ctxdm,col,01,30102.0,10pp,"[0.616553008556366, -0.15573152899742126, -0.17448897659778595]",4
sub-01,ctxdm,col,01,30002.0,10pp,"[0.06746342033147812, -1.2398996353149414, -1.283858299255371]",3
sub-01,ctxdm,col,01,110100.0,10pp,"[-0.0759078711271286, -0.05379236862063408, -0.09853123873472214]",3
sub-01,ctxdm,col,01,111013.0,10pp,"[0.21229928731918335, -0.12953387200832367, -0.14262807369232178]",3
sub-01,ctxdm,col,01,31002.0,10pp,"[-0.031045962125062943, -0.07437526434659958, 0.05864759534597397]",3
sub-01,interdms,obj_ABAB,01,13110103.0,10pp,"[0.5277135968208313, 0.9952538013458252, 0.16063633561134338, 0.14670808613300323]",4
sub-01,interdms,obj_ABAB,01,3020203.0,10pp,"[1.0460505485534668, 1.182486891746521, 0.043390341103076935, -0.02636404149234295]",4
sub-01,interdms,obj_ABAB,01,130110.0,10pp,"[0.42399629950523376, 0.4300619661808014, -0.038378115743398666, 0.09182948619127274]",4
sub-01,interdms,obj_ABAB,01,001310.0,10pp,"[1.17855966091156, 1.24748957157135, 0.033870529383420944, 0.00036488549085333943]",4
sub-01,interdms,obj_ABAB,01,121211.0,10pp,"[0.19547231495380402, 1.2258994579315186, 0.13101406395435333, -0.03047720529139042]",4
sub-01,interdms,obj_ABAB,01,11021200.0,10pp,"[0.9120351076126099, 1.9057114124298096, 0.44269251823425293, 0.25493019819259644]",4
sub-01,interdms,obj_ABAB,01,3110211.0,10pp,"[0.5723514556884766, 0.9866508841514587, 0.3010447919368744, 0.3027208149433136]",4
sub-01,1back,loc,01,1100120013,10pp,"[0.06599598377943039, -0.33212772011756897, -0.3349584639072418, -0.35007935762405396, -0.5150879621505737]",4
sub-01,1back,loc,01,3100311031,10pp,"[0.21977220475673676, -0.38051876425743103, -0.5641828775405884, -0.9357142448425293, -0.9885212182998657]",4
sub-01,1back,loc,01,1100111011,10pp,"[0.22381898760795593, -0.429996132850647, -0.4940527081489563, -0.46223270893096924, -0.4838366210460663]",4
sub-01,1back,loc,01,1203131010,10pp,"[-0.39099550247192383, -0.8928328156471252, -1.085168480873108, -1.3239613771438599, -1.388203740119934]",4
sub-01,1back,loc,01,0300100011,10pp,"[0.45072731375694275, -0.45872846245765686, -0.3335616886615753, -0.23397281765937805, 0.03180154785513878]",4
sub-01,1back,loc,01,3021002110,10pp,"[0.6541008353233337, -0.5526350736618042, -0.749957799911499, -0.64150470495224, -0.7785309553146362]",4
sub-01,1back,loc,01,2120213030,10pp,"[-0.1803150475025177, -0.8038255572319031, -0.7713404297828674, -0.6385012269020081, -0.46350061893463135]",4
sub-01,1back,loc,01,1010201030,10pp,"[0.5438607335090637, -0.8949588537216187, -0.9028818607330322, -0.8260143995285034, -0.8351677656173706]",4
sub-01,1back,loc,01,0001000200,10pp,"[0.2215326577425003, -0.005745024420320988, -0.07171965390443802, -0.23175546526908875, -0.4073433578014374]",4
sub-01,1back,loc,01,1201130202,10pp,"[0.25555741786956787, -0.4309689402580261, -0.48604536056518555, -0.4871740937232971, -0.2535325586795807]",4
sub-01,interdms,ctg_ABBA,01,13110103.0,10pp,"[0.3844608664512634, 0.3192744851112366, 0.022839834913611412, -0.07179226726293564]",4
sub-01,interdms,ctg_ABBA,01,3020203.0,10pp,"[1.1498146057128906, 1.8914165496826172, 0.04893604293465614, -0.1955024152994156]",4
sub-01,interdms,ctg_ABBA,01,130110.0,10pp,"[1.1822059154510498, 1.2139759063720703, -0.10172342509031296, -0.28281354904174805]",4
sub-01,interdms,ctg_ABBA,01,001310.0,10pp,"[1.1548136472702026, 1.1847641468048096, -0.21659789979457855, 0.08357344567775726]",4
sub-01,interdms,ctg_ABBA,01,121211.0,10pp,"[1.7186198234558105, 2.279578685760498, -0.042916979640722275, -0.3546344041824341]",4
sub-01,interdms,ctg_ABBA,01,11021200.0,10pp,"[1.3674545288085938, 0.6716545224189758, 0.17829087376594543, 0.2530236542224884]",4
sub-01,interdms,ctg_ABBA,01,3110211.0,10pp,"[1.6056201457977295, 1.0572292804718018, -0.4617618918418884, -0.25843119621276855]",4
sub-01,interdms,loc_ABBA,01,13110103.0,10pp,"[1.1843303442001343, 1.1771657466888428, 0.044801730662584305, 0.22946585714817047]",4
sub-01,interdms,loc_ABBA,01,3020203.0,10pp,"[0.16947777569293976, 1.1459434032440186, 0.4870380461215973, 0.6123473644256592]",4
sub-01,interdms,loc_ABBA,01,130110.0,10pp,"[1.1175620555877686, 1.2134507894515991, 0.48804739117622375, 0.6237015128135681]",4
sub-01,interdms,loc_ABBA,01,001310.0,10pp,"[0.803730845451355, 2.158409833908081, 0.7788984179496765, 0.6338289380073547]",4
sub-01,interdms,loc_ABBA,01,121211.0,10pp,"[0.9250353574752808, 0.8408904075622559, 0.574000358581543, 0.5308947563171387]",4
sub-01,interdms,loc_ABBA,01,11021200.0,10pp,"[1.5359174013137817, 1.82582426071167, 0.4606764316558838, 0.3283092677593231]",4
sub-01,interdms,loc_ABBA,01,3110211.0,10pp,"[0.7176371216773987, 1.256445050239563, 0.4509996175765991, 0.3640737533569336]",4
sub-01,1back,ctg,01,1200130101,10pp,"[0.7605915665626526, 0.48924702405929565, 0.6324113607406616, 0.5041388273239136, 0.6454919576644897]",4
sub-01,1back,ctg,01,1003110312,10pp,"[0.8632344603538513, 0.1529466211795807, -0.024549413472414017, -0.14382199943065643, -0.4490107297897339]",4
sub-01,1back,ctg,01,1001110112,10pp,"[-0.07360604405403137, -0.3470737934112549, -0.3982101380825043, -0.5842219591140747, -0.8094539046287537]",4
sub-01,1back,ctg,01,3131010111,10pp,"[-0.25331538915634155, -0.6680973768234253, -0.46227210760116577, -0.357988178730011, -0.09000857919454575]",4
sub-01,1back,ctg,01,3001000110,10pp,"[-0.2806045711040497, -1.5705206394195557, -1.5900532007217407, -1.6821564435958862, -1.4883246421813965]",4
sub-01,1back,ctg,01,2100211021,10pp,"[0.4711178243160248, -0.24521145224571228, -0.20131097733974457, -0.263384073972702, -0.21724297106266022]",4
sub-01,1back,ctg,01,1202130303,10pp,"[0.12345466762781143, -0.635102391242981, -0.5685718655586243, -0.6325878500938416, -0.7975914478302002]",4
sub-01,1back,ctg,01,1020103011,10pp,"[0.4439064562320709, -0.7292004823684692, -0.6155586242675781, -0.4729699492454529, -0.20040269196033478]",4
sub-01,1back,ctg,01,0100020003,10pp,"[1.0416016578674316, 0.6624049544334412, 0.6451200842857361, 0.6043223738670349, 0.5547113418579102]",4
sub-01,1back,ctg,01,1130202030,10pp,"[0.7795295715332031, 0.18232010304927826, -0.016482366248965263, -0.2934524118900299, -0.5481489896774292]",4
sub-01,ctxdm,col,02,31110.0,10pp,"[0.9114574790000916, -0.16863663494586945, -0.17430761456489563]",4
sub-01,ctxdm,col,02,121311.0,10pp,"[0.5615425705909729, -0.17855669558048248, -0.21080683171749115]",4
sub-01,ctxdm,col,02,10010.0,10pp,"[0.20328083634376526, -0.016311094164848328, -0.03696775063872337]",4
sub-01,ctxdm,col,02,31002.0,10pp,"[0.9769750833511353, 0.3810863196849823, 0.33662405610084534]",1
sub-01,ctxdm,col,02,110100.0,10pp,"[0.4613746404647827, -0.3511801064014435, -1.1706217527389526]",1
sub-01,ctxdm,col,02,100103.0,10pp,"[-0.569754958152771, -0.6771466135978699, -0.6744518280029297]",4
sub-01,ctxdm,col,02,0302.0,10pp,"[0.7835099697113037, -0.12007180601358414, -0.402533620595932]",4
sub-01,ctxdm,col,02,120113.0,10pp,"[0.05791856721043587, -0.40904363989830017, -0.4922889471054077]",4
sub-01,ctxdm,col,02,30002.0,10pp,"[-1.033631682395935, -0.9777593016624451, -0.5357774496078491]",1
sub-01,ctxdm,col,02,120212.0,10pp,"[0.5033202767372131, -0.10505621135234833, -0.16981074213981628]",4
sub-01,ctxdm,col,02,111013.0,10pp,"[0.8352586030960083, 0.7419353723526001, 0.9529468417167664]",1
sub-01,ctxdm,col,02,11213.0,10pp,"[0.6484691500663757, 0.07108774036169052, 0.0620303638279438]",4
sub-01,ctxdm,col,02,10003.0,10pp,"[-0.4881860315799713, -0.29622772336006165, -0.058109283447265625]",4
sub-01,ctxdm,col,02,110201.0,10pp,"[-0.45802152156829834, -0.4454212784767151, -0.16660577058792114]",3
sub-01,ctxdm,col,02,11101.0,10pp,"[-0.42841821908950806, -0.4608779847621918, -0.2854093313217163]",3
sub-01,ctxdm,col,02,1003.0,10pp,"[0.6366970539093018, 0.19675731658935547, 0.1802452951669693]",3
sub-01,ctxdm,col,02,101213.0,10pp,"[0.5492079854011536, 0.29026275873184204, 0.21771089732646942]",3
sub-01,ctxdm,lco,02,31110.0,10pp,"[0.44283977150917053, 0.07267223298549652, 0.14333485066890717]",4
sub-01,ctxdm,lco,02,121311.0,10pp,"[0.9199241399765015, 0.11716201901435852, 0.18502068519592285]",4
sub-01,ctxdm,lco,02,10010.0,10pp,"[0.13201799988746643, -0.11078982800245285, -0.1739605814218521]",4
sub-01,ctxdm,lco,02,31002.0,10pp,"[0.43568262457847595, -0.2840711772441864, -0.03745190426707268]",1
sub-01,ctxdm,lco,02,110100.0,10pp,"[0.8428949117660522, 0.09243537485599518, 0.004947872832417488]",1
sub-01,ctxdm,lco,02,100103.0,10pp,"[0.5558164119720459, 0.008147391490638256, -0.09488660097122192]",4
sub-01,ctxdm,lco,02,0302.0,10pp,"[0.39041268825531006, 0.061154767870903015, 0.1507471650838852]",4
sub-01,ctxdm,lco,02,120113.0,10pp,"[1.6174052953720093, 0.3340500593185425, 0.25799620151519775]",4
sub-01,ctxdm,lco,02,30002.0,10pp,"[0.5853906273841858, 0.4971964955329895, 1.262373685836792]",1
sub-01,ctxdm,lco,02,120212.0,10pp,"[0.6351459622383118, 0.6927802562713623, 0.624927818775177]",4
sub-01,ctxdm,lco,02,111013.0,10pp,"[0.376312792301178, 0.963335394859314, 1.0349668264389038]",1
sub-01,ctxdm,lco,02,11213.0,10pp,"[0.3627321720123291, 0.40134209394454956, 0.39966893196105957]",4
sub-01,ctxdm,lco,02,10003.0,10pp,"[-0.23333941400051117, -0.01778567023575306, -0.0117248659953475]",4
sub-01,ctxdm,lco,02,110201.0,10pp,"[-0.15009348094463348, -0.1564001441001892, 0.05321773886680603]",3
sub-01,ctxdm,lco,02,11101.0,10pp,"[-0.3145767152309418, 0.021411871537566185, 0.3975176215171814]",3
sub-01,ctxdm,lco,02,1003.0,10pp,"[0.652370810508728, 0.08233135938644409, 0.10032937675714493]",3
sub-01,ctxdm,lco,02,101213.0,10pp,"[0.6825032830238342, 0.18136391043663025, 0.30789145827293396]",3
sub-01,interdms,loc_ABAB,01,13110103.0,10pp,"[1.4899547100067139, 2.171349048614502, 0.20641520619392395, 0.10389833897352219]",4
sub-01,interdms,loc_ABAB,01,3020203.0,10pp,"[0.6111170053482056, 0.5390709638595581, 0.21041621267795563, 0.24924521148204803]",4
sub-01,interdms,loc_ABAB,01,130110.0,10pp,"[1.6190224885940552, 1.3730436563491821, 0.2678767740726471, 0.38705185055732727]",4
sub-01,interdms,loc_ABAB,01,001310.0,10pp,"[0.20410862565040588, 0.6625992655754089, 0.16564391553401947, 0.22625041007995605]",4
sub-01,interdms,loc_ABAB,01,121211.0,10pp,"[0.08340227603912354, -0.06830798089504242, 0.32424238324165344, 0.6423717141151428]",4
sub-01,interdms,loc_ABAB,01,11021200.0,10pp,"[0.012850251980125904, 0.5914676189422607, 0.1981072723865509, 0.27525874972343445]",4
sub-01,interdms,loc_ABAB,01,3110211.0,10pp,"[0.2842293381690979, 0.8499173521995544, 0.5452361106872559, 0.614450216293335]",4
sub-01,ctxdm,lco,01,101303.0,10pp,"[0.5105491280555725, -0.06154623255133629, -0.13691312074661255]",4
sub-01,ctxdm,lco,01,30113.0,10pp,"[0.9245159029960632, 0.021972041577100754, -0.06246012821793556]",4
sub-01,ctxdm,lco,01,120211.0,10pp,"[-0.02878202684223652, 0.20936408638954163, 0.28829532861709595]",4
sub-01,ctxdm,lco,01,100212.0,10pp,"[0.11330710351467133, -0.05940765142440796, -0.0888049304485321]",4
sub-01,ctxdm,lco,01,101213.0,10pp,"[0.11825641989707947, 0.13626781105995178, 0.14917349815368652]",1
sub-01,ctxdm,lco,01,1003.0,10pp,"[0.35687097907066345, -0.1521826535463333, -0.39671802520751953]",1
sub-01,ctxdm,lco,01,10013.0,10pp,"[0.3040735721588135, -0.3375755250453949, -0.3964049816131592]",4
sub-01,ctxdm,lco,01,120002.0,10pp,"[0.6702048182487488, -0.2956555485725403, -0.36741119623184204]",4
sub-01,ctxdm,lco,01,0001.0,10pp,"[0.680640459060669, -0.1505272090435028, -0.07942002266645432]",4
sub-01,ctxdm,lco,01,31213.0,10pp,"[0.19575951993465424, -0.620138943195343, -0.6742252707481384]",4
sub-01,ctxdm,lco,01,11101.0,10pp,"[0.9721512198448181, -0.2524486482143402, -0.24481002986431122]",1
sub-01,ctxdm,lco,01,110201.0,10pp,"[0.7088071703910828, -0.3355173170566559, -0.25747665762901306]",1
sub-01,ctxdm,lco,01,30102.0,10pp,"[0.7057695388793945, -0.13207463920116425, -0.3348560631275177]",4
sub-01,ctxdm,lco,01,30002.0,10pp,"[0.18719254434108734, -0.10388000309467316, -0.1942504644393921]",3
sub-01,ctxdm,lco,01,110100.0,10pp,"[0.6918735504150391, -0.25037696957588196, -0.3431151807308197]",3
sub-01,ctxdm,lco,01,111013.0,10pp,"[0.8905140161514282, -0.03738470375537872, -0.09096015989780426]",3
sub-01,ctxdm,lco,01,31002.0,10pp,"[-0.17073705792427063, -0.2611422538757324, -0.025622541084885597]",3
sub-01,1back,obj,01,1200130101,10v,"[-0.3183315694332123, -0.8856375813484192, -1.1781872510910034, -1.0216413736343384, -1.2301338911056519]",4
sub-01,1back,obj,01,3110312031,10v,"[-0.07115031778812408, -0.4680415391921997, -0.4603330194950104, -0.5686448812484741, -0.6340349912643433]",4
sub-01,1back,obj,01,1110112011,10v,"[1.007713794708252, 0.42950835824012756, 0.14518727362155914, -0.06415554136037827, -0.15933500230312347]",4
sub-01,1back,obj,01,1310101110,10v,"[0.5240422487258911, -0.15940184891223907, -0.011696760542690754, 0.022334888577461243, 0.03182556480169296]",4
sub-01,1back,obj,01,1000110012,10v,"[0.09422405064105988, -0.208134263753891, -0.2951430082321167, -0.15655222535133362, 0.060300376266241074]",4
sub-01,1back,obj,01,1002110212,10v,"[0.4732288122177124, 0.005633292719721794, 0.07830613106489182, 0.09335654973983765, 0.04503164812922478]",4
sub-01,1back,obj,01,2130303100,10v,"[0.653008759021759, 0.3165513277053833, 0.2942119836807251, 0.29387763142585754, 0.25742313265800476]",4
sub-01,1back,obj,01,2010301100,10v,"[0.14591681957244873, 0.2913970649242401, 0.2823683023452759, 0.2779509127140045, 0.48266443610191345]",4
sub-01,1back,obj,01,1000200030,10v,"[0.7006069421768188, -0.05986538529396057, -0.04735980182886124, -0.22490358352661133, -0.3417334258556366]",4
sub-01,1back,obj,01,1302020302,10v,"[0.3523971140384674, -0.39140063524246216, -0.19516485929489136, 0.027986029163002968, 0.07627550512552261]",4
sub-01,interdms,ctg_ABAB,01,13110103.0,10v,"[0.3203783333301544, 0.593012809753418, -0.10739637911319733, -0.21801148355007172]",4
sub-01,interdms,ctg_ABAB,01,3020203.0,10v,"[0.5713544487953186, 0.12828505039215088, -0.4566913843154907, -0.5205586552619934]",4
sub-01,interdms,ctg_ABAB,01,130110.0,10v,"[-0.05424777418375015, 0.24803860485553741, -0.7653738260269165, -0.8505862951278687]",4
sub-01,interdms,ctg_ABAB,01,001310.0,10v,"[0.6274270415306091, 0.18737486004829407, -0.23425166308879852, -0.09569311141967773]",4
sub-01,interdms,ctg_ABAB,01,121211.0,10v,"[0.3688451945781708, 0.4517480432987213, -0.5425832867622375, -0.4560455083847046]",4
sub-01,interdms,ctg_ABAB,01,11021200.0,10v,"[-0.3827076554298401, -0.8295866250991821, -0.004659299738705158, 0.15121403336524963]",4
sub-01,interdms,ctg_ABAB,01,3110211.0,10v,"[1.2537885904312134, 0.3482998013496399, -0.5066304206848145, -0.43441733717918396]",4
sub-01,interdms,obj_ABBA,01,13110103.0,10v,"[0.8888983726501465, 0.9361037611961365, 0.10085613280534744, 0.06285718828439713]",4
sub-01,interdms,obj_ABBA,01,3020203.0,10v,"[0.4739522337913513, 0.04958020895719528, -0.3627840280532837, -0.2626086473464966]",4
sub-01,interdms,obj_ABBA,01,130110.0,10v,"[0.307741641998291, 0.06195257231593132, -0.39058035612106323, -0.32268670201301575]",4
sub-01,interdms,obj_ABBA,01,001310.0,10v,"[0.7611358761787415, 1.05607008934021, 0.14482378959655762, 0.362231582403183]",4
sub-01,interdms,obj_ABBA,01,121211.0,10v,"[1.3495649099349976, 1.197733759880066, -0.12843550741672516, -0.11636048555374146]",4
sub-01,interdms,obj_ABBA,01,11021200.0,10v,"[0.494109570980072, -0.1448795050382614, 0.12307082116603851, 0.23600226640701294]",4
sub-01,interdms,obj_ABBA,01,3110211.0,10v,"[-0.08269186317920685, -0.11864576488733292, -0.35360413789749146, -0.14844845235347748]",4
sub-01,ctxdm,col,01,101303.0,10v,"[0.8077572584152222, 0.5301327109336853, 0.3441298305988312]",4
sub-01,ctxdm,col,01,30113.0,10v,"[0.6346331238746643, 0.04802294448018074, -0.0016242170240730047]",4
sub-01,ctxdm,col,01,120211.0,10v,"[0.8516615629196167, 0.4133351445198059, 0.3309149742126465]",4
sub-01,ctxdm,col,01,100212.0,10v,"[0.41022080183029175, -0.048140645027160645, -0.3610917925834656]",4
sub-01,ctxdm,col,01,101213.0,10v,"[0.4947282671928406, -0.137176513671875, -0.4094582498073578]",1
sub-01,ctxdm,col,01,1003.0,10v,"[0.7621404528617859, -0.5585408806800842, -1.3714314699172974]",1
sub-01,ctxdm,col,01,10013.0,10v,"[0.18375512957572937, -0.6237279176712036, -0.9015227556228638]",4
sub-01,ctxdm,col,01,120002.0,10v,"[0.42060765624046326, -0.4962967336177826, -0.6926472187042236]",4
sub-01,ctxdm,col,01,0001.0,10v,"[-0.21723923087120056, -0.34605979919433594, -0.33680427074432373]",4
sub-01,ctxdm,col,01,31213.0,10v,"[0.26618191599845886, -0.48946329951286316, -0.4338666498661041]",4
sub-01,ctxdm,col,01,11101.0,10v,"[-0.6418987512588501, -0.5482962727546692, -0.3092805743217468]",1
sub-01,ctxdm,col,01,110201.0,10v,"[0.3427455425262451, -0.1978863775730133, 0.13691404461860657]",1
sub-01,ctxdm,col,01,30102.0,10v,"[0.7629327178001404, -0.03393423184752464, -0.12382805347442627]",4
sub-01,ctxdm,col,01,30002.0,10v,"[-1.0652738809585571, -0.8025859594345093, -0.6163610219955444]",3
sub-01,ctxdm,col,01,110100.0,10v,"[0.004842373076826334, 0.04062213748693466, 0.18778884410858154]",3
sub-01,ctxdm,col,01,111013.0,10v,"[0.9509151577949524, 0.38830506801605225, 0.34589117765426636]",3
sub-01,ctxdm,col,01,31002.0,10v,"[0.2519124150276184, 0.2843862473964691, 0.41246166825294495]",3
sub-01,interdms,obj_ABAB,01,13110103.0,10v,"[0.36581718921661377, 0.6167130470275879, 0.031115662306547165, -0.09727982431650162]",4
sub-01,interdms,obj_ABAB,01,3020203.0,10v,"[0.9822953939437866, 1.4872087240219116, -0.324494332075119, -0.5097872018814087]",4
sub-01,interdms,obj_ABAB,01,130110.0,10v,"[0.43805357813835144, 0.6590904593467712, -0.620033860206604, -0.9313446879386902]",4
sub-01,interdms,obj_ABAB,01,001310.0,10v,"[-0.1547485589981079, -0.4895137846469879, -0.5742936730384827, -0.3274531364440918]",4
sub-01,interdms,obj_ABAB,01,121211.0,10v,"[0.10908551514148712, 0.06739917397499084, -0.7221337556838989, -0.6970695853233337]",4
sub-01,interdms,obj_ABAB,01,11021200.0,10v,"[0.9113223552703857, 0.5190017223358154, 0.051963627338409424, 0.033888280391693115]",4
sub-01,interdms,obj_ABAB,01,3110211.0,10v,"[1.4354157447814941, 0.9317853450775146, -0.32076701521873474, -0.38868969678878784]",4
sub-01,1back,loc,01,1100120013,10v,"[-0.17073622345924377, -0.20330198109149933, -0.2666580080986023, -0.529767632484436, -0.7195755839347839]",4
sub-01,1back,loc,01,3100311031,10v,"[0.7905178070068359, 0.19666102528572083, -0.14282776415348053, -0.36574891209602356, -0.3922811448574066]",4
sub-01,1back,loc,01,1100111011,10v,"[-0.28994518518447876, -0.882067859172821, -0.8094521164894104, -0.9035641551017761, -0.872557520866394]",4
sub-01,1back,loc,01,1203131010,10v,"[0.6576500535011292, -0.3255850374698639, -0.6053196787834167, -0.8131948113441467, -0.9099321365356445]",4
sub-01,1back,loc,01,0300100011,10v,"[0.6032724976539612, -0.3892391324043274, -0.6263933777809143, -0.5693135261535645, -0.40064048767089844]",4
sub-01,1back,loc,01,3021002110,10v,"[-0.012161657214164734, -0.711172342300415, -0.8536426424980164, -0.8504326343536377, -0.6088067889213562]",4
sub-01,1back,loc,01,2120213030,10v,"[0.4675482213497162, 0.05074344947934151, 0.19382406771183014, 0.2076684832572937, 0.25948813557624817]",4
sub-01,1back,loc,01,1010201030,10v,"[-0.22024326026439667, -0.9130544662475586, -0.8767764568328857, -0.8171509504318237, -0.7366541624069214]",4
sub-01,1back,loc,01,0001000200,10v,"[0.38968947529792786, 0.3776659667491913, 0.2552673816680908, 0.346095472574234, 0.32940173149108887]",4
sub-01,1back,loc,01,1201130202,10v,"[0.6840127110481262, 0.3682260513305664, 0.4126206636428833, 0.3206382691860199, 0.4317667782306671]",4
sub-01,interdms,ctg_ABBA,01,13110103.0,10v,"[1.3227299451828003, 1.566169261932373, -0.0312645360827446, -0.2683448791503906]",4
sub-01,interdms,ctg_ABBA,01,3020203.0,10v,"[1.3102177381515503, 1.0091404914855957, -0.5473601222038269, -0.8654767274856567]",4
sub-01,interdms,ctg_ABBA,01,130110.0,10v,"[0.521681010723114, -0.004224834963679314, -1.0334017276763916, -1.2380393743515015]",4
sub-01,interdms,ctg_ABBA,01,001310.0,10v,"[0.6552630662918091, 0.2911486029624939, -0.514771580696106, -0.3443296253681183]",4
sub-01,interdms,ctg_ABBA,01,121211.0,10v,"[1.4484837055206299, -0.009228575974702835, -1.189557671546936, -1.5172178745269775]",4
sub-01,interdms,ctg_ABBA,01,11021200.0,10v,"[0.7318265438079834, 0.34262794256210327, -0.021589403972029686, 0.022845523431897163]",4
sub-01,interdms,ctg_ABBA,01,3110211.0,10v,"[-0.1271648108959198, -0.9824358224868774, -0.8340303301811218, -0.7786331176757812]",4
sub-01,interdms,loc_ABBA,01,13110103.0,10v,"[1.8267428874969482, 1.9531389474868774, 0.12729619443416595, 0.009217387065291405]",4
sub-01,interdms,loc_ABBA,01,3020203.0,10v,"[-0.23163549602031708, -0.20934683084487915, 0.08017679303884506, 0.1752353310585022]",4
sub-01,interdms,loc_ABBA,01,130110.0,10v,"[0.2424246221780777, -0.14143799245357513, -0.021994177252054214, 0.045561112463474274]",4
sub-01,interdms,loc_ABBA,01,001310.0,10v,"[0.608981728553772, 0.6567900776863098, 0.21782700717449188, 0.27453505992889404]",4
sub-01,interdms,loc_ABBA,01,121211.0,10v,"[0.7799909114837646, 1.189448595046997, 0.1931857168674469, 0.18853259086608887]",4
sub-01,interdms,loc_ABBA,01,11021200.0,10v,"[1.268275260925293, 0.6568983793258667, 0.2271881401538849, 0.3551204204559326]",4
sub-01,interdms,loc_ABBA,01,3110211.0,10v,"[0.24269604682922363, -0.3275306522846222, -0.09186176210641861, 0.062105316668748856]",4
sub-01,1back,ctg,01,1200130101,10v,"[0.023854585364460945, -0.08020120859146118, -0.0696307122707367, -0.03674670681357384, 0.07211170345544815]",4
sub-01,1back,ctg,01,1003110312,10v,"[0.08328928798437119, -0.6292170286178589, -0.6544486284255981, -0.9440597891807556, -0.9930523037910461]",4
sub-01,1back,ctg,01,1001110112,10v,"[0.09186051785945892, -0.9422277808189392, -0.9879331588745117, -1.1252224445343018, -1.4938453435897827]",4
sub-01,1back,ctg,01,3131010111,10v,"[-0.19327294826507568, -0.6776379346847534, -0.7388765811920166, -0.6411485075950623, -0.5087400674819946]",4
sub-01,1back,ctg,01,3001000110,10v,"[0.26665791869163513, -0.3151439130306244, -0.1686638742685318, -0.06268593668937683, 0.0617455393075943]",4
sub-01,1back,ctg,01,2100211021,10v,"[-0.20414459705352783, 0.0931207686662674, 0.10772164911031723, -0.0631914809346199, -0.10643565654754639]",4
sub-01,1back,ctg,01,1202130303,10v,"[-0.780552327632904, -0.10139495134353638, -0.1600368767976761, -0.21736980974674225, -0.21744871139526367]",4
sub-01,1back,ctg,01,1020103011,10v,"[0.5189030766487122, -0.1469806283712387, -0.10512061417102814, -0.024536041542887688, 0.07797357439994812]",4
sub-01,1back,ctg,01,0100020003,10v,"[0.34110280871391296, -0.04491293802857399, -0.027804862707853317, 0.07217483967542648, 0.12607690691947937]",4
sub-01,1back,ctg,01,1130202030,10v,"[1.100974440574646, 0.5614839792251587, 0.40968072414398193, 0.29133012890815735, 0.46901074051856995]",4
sub-01,ctxdm,col,02,31110.0,10v,"[0.7326798439025879, 0.3384462594985962, 0.3549400269985199]",4
sub-01,ctxdm,col,02,121311.0,10v,"[0.7033441066741943, 0.3218461275100708, 0.3140046000480652]",4
sub-01,ctxdm,col,02,10010.0,10v,"[0.7485129833221436, 0.38819602131843567, 0.19746887683868408]",4
sub-01,ctxdm,col,02,31002.0,10v,"[-0.037717100232839584, -0.04697504639625549, 0.04236529394984245]",1
sub-01,ctxdm,col,02,110100.0,10v,"[1.1821460723876953, -0.46201393008232117, -1.0418254137039185]",1
sub-01,ctxdm,col,02,100103.0,10v,"[-0.0312480628490448, -0.24918469786643982, -0.25859108567237854]",4
sub-01,ctxdm,col,02,0302.0,10v,"[0.19621260464191437, -0.39354297518730164, -0.4036618173122406]",4
sub-01,ctxdm,col,02,120113.0,10v,"[0.4630339443683624, -0.5520417094230652, -0.6152967214584351]",4
sub-01,ctxdm,col,02,30002.0,10v,"[-1.2792798280715942, -1.1420032978057861, -0.719065248966217]",1
sub-01,ctxdm,col,02,120212.0,10v,"[0.08877053111791611, -0.12609560787677765, 0.05244634300470352]",4
sub-01,ctxdm,col,02,111013.0,10v,"[0.9716859459877014, 0.28714925050735474, 0.5362268090248108]",1
sub-01,ctxdm,col,02,11213.0,10v,"[0.5862597227096558, 0.09659011662006378, 0.2653610110282898]",4
sub-01,ctxdm,col,02,10003.0,10v,"[0.36539360880851746, -0.01104476023465395, -0.05606207251548767]",4
sub-01,ctxdm,col,02,110201.0,10v,"[-0.6373509764671326, -0.3215283155441284, -0.24621227383613586]",3
sub-01,ctxdm,col,02,11101.0,10v,"[0.10659340769052505, -0.29627513885498047, -0.28894248604774475]",3
sub-01,ctxdm,col,02,1003.0,10v,"[-0.36732786893844604, 0.07006249576807022, 0.0462636761367321]",3
sub-01,ctxdm,col,02,101213.0,10v,"[-0.24291227757930756, 0.04506118223071098, 0.1897755265235901]",3
sub-01,ctxdm,lco,02,31110.0,10v,"[0.3629522919654846, -0.5869879126548767, -0.7892611622810364]",4
sub-01,ctxdm,lco,02,121311.0,10v,"[0.508410632610321, -0.9675016403198242, -1.0913686752319336]",4
sub-01,ctxdm,lco,02,10010.0,10v,"[0.07773002982139587, -0.8133803606033325, -0.9128915071487427]",4
sub-01,ctxdm,lco,02,31002.0,10v,"[0.5938075184822083, -0.2451857477426529, -0.19910135865211487]",1
sub-01,ctxdm,lco,02,110100.0,10v,"[1.2537299394607544, 0.07500263303518295, -0.3043370842933655]",1
sub-01,ctxdm,lco,02,100103.0,10v,"[0.16258224844932556, -0.9597682356834412, -1.0596613883972168]",4
sub-01,ctxdm,lco,02,0302.0,10v,"[0.6748890280723572, -0.09159202873706818, -0.05170772597193718]",4
sub-01,ctxdm,lco,02,120113.0,10v,"[0.48675262928009033, -0.01300848089158535, -0.005822855047881603]",4
sub-01,ctxdm,lco,02,30002.0,10v,"[-0.24365772306919098, -0.3447181284427643, -0.23436185717582703]",1
sub-01,ctxdm,lco,02,120212.0,10v,"[0.6611011624336243, -0.005282730795443058, -0.22934918105602264]",4
sub-01,ctxdm,lco,02,111013.0,10v,"[-0.2420351356267929, -0.11836972087621689, 0.02053205855190754]",1
sub-01,ctxdm,lco,02,11213.0,10v,"[1.034075140953064, -0.26533043384552, -0.5867364406585693]",4
sub-01,ctxdm,lco,02,10003.0,10v,"[0.5873426198959351, -0.5164602398872375, -0.4488801956176758]",4
sub-01,ctxdm,lco,02,110201.0,10v,"[0.9832454323768616, 0.048827555030584335, 0.1270015686750412]",3
sub-01,ctxdm,lco,02,11101.0,10v,"[0.830680787563324, 0.2023734450340271, 0.20477809011936188]",3
sub-01,ctxdm,lco,02,1003.0,10v,"[0.43992674350738525, -0.20295725762844086, -0.012360519729554653]",3
sub-01,ctxdm,lco,02,101213.0,10v,"[0.44014301896095276, 0.036071714013814926, 0.18747486174106598]",3
sub-01,interdms,loc_ABAB,01,13110103.0,10v,"[1.4047397375106812, 1.8758339881896973, -0.019946565851569176, -0.2700043022632599]",4
sub-01,interdms,loc_ABAB,01,3020203.0,10v,"[0.5230659246444702, 0.8045059442520142, -0.08621122688055038, -0.2692844569683075]",4
sub-01,interdms,loc_ABAB,01,130110.0,10v,"[0.4351833164691925, 0.26651665568351746, -0.310329407453537, -0.2740645408630371]",4
sub-01,interdms,loc_ABAB,01,001310.0,10v,"[0.6186375617980957, 0.5610754489898682, 0.14442899823188782, 0.09097304195165634]",4
sub-01,interdms,loc_ABAB,01,121211.0,10v,"[0.509057343006134, 0.5734187960624695, -0.20593659579753876, -0.004189218394458294]",4
sub-01,interdms,loc_ABAB,01,11021200.0,10v,"[0.3167235553264618, 0.6416065096855164, 0.08345413953065872, 0.33066126704216003]",4
sub-01,interdms,loc_ABAB,01,3110211.0,10v,"[0.3108762204647064, -0.1471831500530243, -0.08812665194272995, 0.021536562591791153]",4
sub-01,ctxdm,lco,01,101303.0,10v,"[1.0717315673828125, 0.2635209262371063, 0.15949726104736328]",4
sub-01,ctxdm,lco,01,30113.0,10v,"[1.0028746128082275, 0.020199572667479515, -0.21635352075099945]",4
sub-01,ctxdm,lco,01,120211.0,10v,"[1.0273464918136597, 0.1272946149110794, 0.07610290497541428]",4
sub-01,ctxdm,lco,01,100212.0,10v,"[0.9149938225746155, 0.34977826476097107, 0.454357385635376]",4
sub-01,ctxdm,lco,01,101213.0,10v,"[1.0834429264068604, -0.2157963663339615, -0.07366998493671417]",1
sub-01,ctxdm,lco,01,1003.0,10v,"[-0.16474562883377075, 0.26569220423698425, 0.17222240567207336]",1
sub-01,ctxdm,lco,01,10013.0,10v,"[0.8194437623023987, 0.4707812964916229, 0.41000521183013916]",4
sub-01,ctxdm,lco,01,120002.0,10v,"[1.8708065748214722, 0.5116043090820312, 0.347802072763443]",4
sub-01,ctxdm,lco,01,0001.0,10v,"[0.3090137243270874, -0.05519619211554527, 0.037800416350364685]",4
sub-01,ctxdm,lco,01,31213.0,10v,"[0.324143648147583, -0.32132670283317566, -0.4477154314517975]",4
sub-01,ctxdm,lco,01,11101.0,10v,"[0.36636844277381897, -1.0016878843307495, -0.9848884344100952]",1
sub-01,ctxdm,lco,01,110201.0,10v,"[0.23652318120002747, -0.7040722966194153, -0.6289383769035339]",1
sub-01,ctxdm,lco,01,30102.0,10v,"[-0.1743384748697281, 0.04104163497686386, 0.04920528456568718]",4
sub-01,ctxdm,lco,01,30002.0,10v,"[0.7734969258308411, 0.6335752010345459, 0.682399332523346]",3
sub-01,ctxdm,lco,01,110100.0,10v,"[0.23375344276428223, -0.11758198589086533, 0.007686380296945572]",3
sub-01,ctxdm,lco,01,111013.0,10v,"[1.132271409034729, 0.32769760489463806, 0.4214733839035034]",3
sub-01,ctxdm,lco,01,31002.0,10v,"[0.6612211465835571, 0.30462199449539185, 0.3904987573623657]",3
sub-01,1back,obj,01,1200130101,47s,"[0.4668830931186676, -0.3059212565422058, -0.35178184509277344, -0.2845204472541809, -0.3628219664096832]",4
sub-01,1back,obj,01,3110312031,47s,"[0.6134993433952332, 0.15764959156513214, 0.2750345766544342, 0.4303387701511383, 0.5290677547454834]",4
sub-01,1back,obj,01,1110112011,47s,"[0.38359472155570984, -0.21798735857009888, -0.2843952476978302, -0.25480592250823975, -0.04603145271539688]",4
sub-01,1back,obj,01,1310101110,47s,"[0.8991134762763977, 0.19459617137908936, 0.11947730928659439, 0.12214074283838272, 0.20373407006263733]",4
sub-01,1back,obj,01,1000110012,47s,"[1.4423308372497559, 0.15404383838176727, -0.09204820543527603, -0.0697057768702507, -0.11742843687534332]",4
sub-01,1back,obj,01,1002110212,47s,"[0.5191097855567932, -0.3529929518699646, -0.21528974175453186, -0.15430955588817596, -0.11677533388137817]",4
sub-01,1back,obj,01,2130303100,47s,"[0.5660347938537598, 0.6774578094482422, 0.710981011390686, 0.7040592432022095, 0.6387272477149963]",4
sub-01,1back,obj,01,2010301100,47s,"[0.6699866056442261, 0.3557405173778534, 0.3236978352069855, 0.2912873327732086, 0.22949424386024475]",4
sub-01,1back,obj,01,1000200030,47s,"[0.6388360857963562, -0.020064327865839005, -0.023225774988532066, -0.20101632177829742, -0.3317359387874603]",4
sub-01,1back,obj,01,1302020302,47s,"[0.23268833756446838, -0.11628600209951401, 0.03779986873269081, 0.018901102244853973, -0.07444407045841217]",4
sub-01,interdms,ctg_ABAB,01,13110103.0,47s,"[0.48339489102363586, 0.412462055683136, -0.003319729818031192, 0.12727075815200806]",4
sub-01,interdms,ctg_ABAB,01,3020203.0,47s,"[0.4683227837085724, 0.18746939301490784, -0.09059298783540726, -0.11164559423923492]",4
sub-01,interdms,ctg_ABAB,01,130110.0,47s,"[-0.022511007264256477, 0.2774001657962799, -0.15418662130832672, -0.15351752936840057]",4
sub-01,interdms,ctg_ABAB,01,001310.0,47s,"[0.2258085310459137, 0.4105067253112793, 0.32736822962760925, 0.3635610342025757]",4
sub-01,interdms,ctg_ABAB,01,121211.0,47s,"[-0.3063376247882843, -0.6713030934333801, -0.2977302372455597, -0.17660197615623474]",4
sub-01,interdms,ctg_ABAB,01,11021200.0,47s,"[0.5920600891113281, -0.00521710654720664, -0.025276528671383858, 0.263117253780365]",4
sub-01,interdms,ctg_ABAB,01,3110211.0,47s,"[0.4082064926624298, 0.5864441990852356, -0.12931428849697113, -0.08929025381803513]",4
sub-01,interdms,obj_ABBA,01,13110103.0,47s,"[0.8096229434013367, 0.5938171744346619, 0.3111588656902313, 0.4263657331466675]",4
sub-01,interdms,obj_ABBA,01,3020203.0,47s,"[0.5406127572059631, 0.6564054489135742, 0.5210736989974976, 0.5037485957145691]",4
sub-01,interdms,obj_ABBA,01,130110.0,47s,"[0.319627046585083, 0.25195199251174927, 0.30431151390075684, 0.46979111433029175]",4
sub-01,interdms,obj_ABBA,01,001310.0,47s,"[0.18833844363689423, 0.5107089281082153, 0.22350408136844635, 0.4029073417186737]",4
sub-01,interdms,obj_ABBA,01,121211.0,47s,"[1.6838165521621704, 1.5407164096832275, 0.3863163888454437, 0.599071741104126]",4
sub-01,interdms,obj_ABBA,01,11021200.0,47s,"[0.13547822833061218, -0.006367039401084185, 0.21375903487205505, 0.29085543751716614]",4
sub-01,interdms,obj_ABBA,01,3110211.0,47s,"[0.1268589347600937, 1.0360774993896484, 0.5259775519371033, 0.6109568476676941]",4
sub-01,ctxdm,col,01,101303.0,47s,"[0.9041028022766113, 0.2927097976207733, 0.15380986034870148]",4
sub-01,ctxdm,col,01,30113.0,47s,"[-0.01982733979821205, -0.11850351095199585, -0.13150279223918915]",4
sub-01,ctxdm,col,01,120211.0,47s,"[0.5001916885375977, 0.10298483818769455, 0.09242799133062363]",4
sub-01,ctxdm,col,01,100212.0,47s,"[0.2513792812824249, 0.24474123120307922, 0.19954097270965576]",4
sub-01,ctxdm,col,01,101213.0,47s,"[0.4045398235321045, -0.7384560108184814, -0.8225407600402832]",1
sub-01,ctxdm,col,01,1003.0,47s,"[-0.11987555027008057, -0.7424361705780029, -1.055456519126892]",1
sub-01,ctxdm,col,01,10013.0,47s,"[0.15559875965118408, -0.08956892043352127, -0.0932219922542572]",4
sub-01,ctxdm,col,01,120002.0,47s,"[0.31261879205703735, -0.21481440961360931, -0.09634233266115189]",4
sub-01,ctxdm,col,01,0001.0,47s,"[1.1365724802017212, -0.13032028079032898, -0.3937683403491974]",4
sub-01,ctxdm,col,01,31213.0,47s,"[0.5931863784790039, -0.33327293395996094, -0.5188300609588623]",4
sub-01,ctxdm,col,01,11101.0,47s,"[-1.7290747165679932, -1.9776636362075806, -1.7720452547073364]",1
sub-01,ctxdm,col,01,110201.0,47s,"[-1.6608800888061523, -1.435575008392334, -1.0853915214538574]",1
sub-01,ctxdm,col,01,30102.0,47s,"[1.0684466361999512, 0.11813604831695557, 0.29122793674468994]",4
sub-01,ctxdm,col,01,30002.0,47s,"[1.3482428789138794, 0.5736019015312195, 0.4119633734226227]",3
sub-01,ctxdm,col,01,110100.0,47s,"[-0.36918139457702637, -0.10022743791341782, 0.04213929548859596]",3
sub-01,ctxdm,col,01,111013.0,47s,"[0.6887699365615845, 0.14811332523822784, 0.2359679937362671]",3
sub-01,ctxdm,col,01,31002.0,47s,"[0.3419461250305176, 0.11501909792423248, 0.27125880122184753]",3
sub-01,interdms,obj_ABAB,01,13110103.0,47s,"[0.7461147904396057, 0.997869074344635, 0.3030568063259125, 0.12430624663829803]",4
sub-01,interdms,obj_ABAB,01,3020203.0,47s,"[0.511799693107605, 1.1943916082382202, 0.2374754548072815, 0.3597543239593506]",4
sub-01,interdms,obj_ABAB,01,130110.0,47s,"[0.41665440797805786, 0.20665627717971802, 0.01796538010239601, 0.3057820498943329]",4
sub-01,interdms,obj_ABAB,01,001310.0,47s,"[0.7724664807319641, 0.29000556468963623, 0.07662099599838257, 0.3239654004573822]",4
sub-01,interdms,obj_ABAB,01,121211.0,47s,"[0.8345872163772583, 1.7583897113800049, 0.1635463535785675, 0.19708344340324402]",4
sub-01,interdms,obj_ABAB,01,11021200.0,47s,"[0.2671997547149658, 0.3430231809616089, 0.2995646893978119, 0.34983912110328674]",4
sub-01,interdms,obj_ABAB,01,3110211.0,47s,"[0.3218069076538086, 0.11425110697746277, 0.1162678524851799, 0.3556186258792877]",4
sub-01,1back,loc,01,1100120013,47s,"[1.061867356300354, 0.23211519420146942, 0.1818503588438034, 0.24754148721694946, -0.05906767025589943]",4
sub-01,1back,loc,01,3100311031,47s,"[0.489690899848938, 0.5551525354385376, 0.42129260301589966, 0.2523527145385742, 0.2066289633512497]",4
sub-01,1back,loc,01,1100111011,47s,"[-0.263372004032135, -0.42990145087242126, -0.26000359654426575, -0.41770288348197937, -0.5115020871162415]",4
sub-01,1back,loc,01,1203131010,47s,"[0.4313455820083618, -0.2233024388551712, -0.5650691986083984, -0.5855697393417358, -0.6247380375862122]",4
sub-01,1back,loc,01,0300100011,47s,"[0.061755694448947906, -0.45927220582962036, -0.44921088218688965, -0.30615362524986267, 0.18396398425102234]",4
sub-01,1back,loc,01,3021002110,47s,"[1.016666293144226, 0.06523440778255463, 0.14314387738704681, 0.1360321044921875, 0.29511401057243347]",4
sub-01,1back,loc,01,2120213030,47s,"[0.8106006979942322, 0.7269991636276245, 0.7118359208106995, 0.4674370288848877, 0.552433431148529]",4
sub-01,1back,loc,01,1010201030,47s,"[0.21568405628204346, -0.555002748966217, -0.593722403049469, -0.6239073872566223, -0.6989135146141052]",4
sub-01,1back,loc,01,0001000200,47s,"[0.5372430086135864, 0.45121458172798157, 0.42986512184143066, 0.4558374583721161, 0.21819500625133514]",4
sub-01,1back,loc,01,1201130202,47s,"[0.5411533117294312, 0.2998494505882263, 0.12583276629447937, 0.46545517444610596, 0.7230417728424072]",4
sub-01,interdms,ctg_ABBA,01,13110103.0,47s,"[0.7808636426925659, 1.3661941289901733, 0.46061813831329346, 0.4391111433506012]",4
sub-01,interdms,ctg_ABBA,01,3020203.0,47s,"[1.095995306968689, 1.7829444408416748, 0.759899914264679, 0.6913376450538635]",4
sub-01,interdms,ctg_ABBA,01,130110.0,47s,"[0.5631411075592041, 1.192566990852356, 0.7731157541275024, 1.0004868507385254]",4
sub-01,interdms,ctg_ABBA,01,001310.0,47s,"[1.3314505815505981, 1.7482465505599976, 0.4766671359539032, 0.699154794216156]",4
sub-01,interdms,ctg_ABBA,01,121211.0,47s,"[0.712029218673706, 1.2107954025268555, 1.0357003211975098, 1.2263575792312622]",4
sub-01,interdms,ctg_ABBA,01,11021200.0,47s,"[-0.5727412104606628, -0.9911749362945557, 0.15017545223236084, 0.2874521017074585]",4
sub-01,interdms,ctg_ABBA,01,3110211.0,47s,"[0.8906322121620178, 1.4790431261062622, 1.0325356721878052, 1.0956223011016846]",4
sub-01,interdms,loc_ABBA,01,13110103.0,47s,"[0.47426071763038635, 0.47045961022377014, 0.12773869931697845, 0.29913246631622314]",4
sub-01,interdms,loc_ABBA,01,3020203.0,47s,"[1.4381691217422485, 1.4052619934082031, 0.46244165301322937, 0.45153436064720154]",4
sub-01,interdms,loc_ABBA,01,130110.0,47s,"[0.8735101819038391, 1.2744991779327393, 0.3578513264656067, 0.48030710220336914]",4
sub-01,interdms,loc_ABBA,01,001310.0,47s,"[0.8495107889175415, 1.7932647466659546, 0.40817368030548096, 0.39652907848358154]",4
sub-01,interdms,loc_ABBA,01,121211.0,47s,"[0.296059787273407, 0.08589036762714386, 0.4881000518798828, 0.6632625460624695]",4
sub-01,interdms,loc_ABBA,01,11021200.0,47s,"[1.7559187412261963, 1.3200160264968872, 0.5900772213935852, 0.46364519000053406]",4
sub-01,interdms,loc_ABBA,01,3110211.0,47s,"[0.8436575531959534, 0.6832142472267151, 0.5740665793418884, 0.699501633644104]",4
sub-01,1back,ctg,01,1200130101,47s,"[0.1728106290102005, 0.21752235293388367, 0.4289127290248871, 0.5589972138404846, 0.5919765830039978]",4
sub-01,1back,ctg,01,1003110312,47s,"[0.4005945324897766, -0.8175605535507202, -0.9820187091827393, -1.0360300540924072, -1.0300449132919312]",4
sub-01,1back,ctg,01,1001110112,47s,"[0.6242310404777527, 0.4101719260215759, 0.5918543338775635, 0.6045273542404175, 0.5862943530082703]",4
sub-01,1back,ctg,01,3131010111,47s,"[0.16080978512763977, -0.9971029758453369, -0.9580579996109009, -0.6600022912025452, -0.7206922173500061]",4
sub-01,1back,ctg,01,3001000110,47s,"[0.5595334768295288, -0.009862284176051617, 0.03411749005317688, 0.06026220694184303, 0.17620965838432312]",4
sub-01,1back,ctg,01,2100211021,47s,"[-0.010950449854135513, 0.1304474025964737, 0.13379937410354614, 0.03866729512810707, 0.1319405883550644]",4
sub-01,1back,ctg,01,1202130303,47s,"[0.7408031821250916, -0.6811071038246155, -0.8612009286880493, -1.155961513519287, -1.1813933849334717]",4
sub-01,1back,ctg,01,1020103011,47s,"[0.2855799198150635, 0.09072825312614441, 0.3371092677116394, 0.1648741513490677, 0.26834458112716675]",4
sub-01,1back,ctg,01,0100020003,47s,"[0.57925945520401, 0.32558324933052063, 0.3083341717720032, 0.5578299164772034, 0.5675667524337769]",4
sub-01,1back,ctg,01,1130202030,47s,"[1.0062458515167236, 0.7458173632621765, 0.6422666311264038, 0.45141175389289856, 0.5426163673400879]",4
sub-01,ctxdm,col,02,31110.0,47s,"[1.1345587968826294, 0.5368366241455078, 0.4711466133594513]",4
sub-01,ctxdm,col,02,121311.0,47s,"[0.048131078481674194, 0.38644739985466003, 0.5142990350723267]",4
sub-01,ctxdm,col,02,10010.0,47s,"[0.4084792137145996, 0.3230746388435364, 0.4432995319366455]",4
sub-01,ctxdm,col,02,31002.0,47s,"[0.9898600578308105, 0.61076420545578, 0.3633764386177063]",1
sub-01,ctxdm,col,02,110100.0,47s,"[1.3318663835525513, -0.6414395570755005, -0.8845005035400391]",1
sub-01,ctxdm,col,02,100103.0,47s,"[-0.12651269137859344, -0.37482374906539917, -0.4283320903778076]",4
sub-01,ctxdm,col,02,0302.0,47s,"[-0.09633149951696396, -0.5149720907211304, -0.5435934662818909]",4
sub-01,ctxdm,col,02,120113.0,47s,"[0.7778680324554443, -0.5540141463279724, -0.6545441746711731]",4
sub-01,ctxdm,col,02,30002.0,47s,"[-1.2090132236480713, -1.0878664255142212, -0.7942590713500977]",1
sub-01,ctxdm,col,02,120212.0,47s,"[0.38328492641448975, 0.15162821114063263, 0.3305809199810028]",4
sub-01,ctxdm,col,02,111013.0,47s,"[3.1383566856384277, 1.2977687120437622, 1.2592599391937256]",1
sub-01,ctxdm,col,02,11213.0,47s,"[0.3072044253349304, 0.36383023858070374, 0.6560801863670349]",4
sub-01,ctxdm,col,02,10003.0,47s,"[0.37309882044792175, 0.1405758410692215, 0.1073119044303894]",4
sub-01,ctxdm,col,02,110201.0,47s,"[-0.2955174446105957, -0.4670134484767914, -0.3201165199279785]",3
sub-01,ctxdm,col,02,11101.0,47s,"[0.46529415249824524, -0.1781139373779297, -0.26140886545181274]",3
sub-01,ctxdm,col,02,1003.0,47s,"[0.41578900814056396, 0.18977375328540802, 0.21416445076465607]",3
sub-01,ctxdm,col,02,101213.0,47s,"[1.385180115699768, 0.339836448431015, 0.2990964353084564]",3
sub-01,ctxdm,lco,02,31110.0,47s,"[0.0334971658885479, -0.47076380252838135, -0.5913742780685425]",4
sub-01,ctxdm,lco,02,121311.0,47s,"[0.07172290235757828, -0.36110764741897583, -0.3099997341632843]",4
sub-01,ctxdm,lco,02,10010.0,47s,"[0.06231016293168068, 0.12801331281661987, 0.41180625557899475]",4
sub-01,ctxdm,lco,02,31002.0,47s,"[0.5323060154914856, 0.22858044505119324, 0.26896920800209045]",1
sub-01,ctxdm,lco,02,110100.0,47s,"[-0.5179610848426819, 0.23067909479141235, 0.060901183634996414]",1
sub-01,ctxdm,lco,02,100103.0,47s,"[0.6103694438934326, 0.001462791464291513, -0.20122073590755463]",4
sub-01,ctxdm,lco,02,0302.0,47s,"[0.6660534143447876, 0.21082530915737152, 0.13533435761928558]",4
sub-01,ctxdm,lco,02,120113.0,47s,"[0.4462250769138336, 0.21975326538085938, 0.41858068108558655]",4
sub-01,ctxdm,lco,02,30002.0,47s,"[0.7162169218063354, -0.45415282249450684, -0.44962409138679504]",1
sub-01,ctxdm,lco,02,120212.0,47s,"[0.6787769794464111, 0.4165586829185486, 0.317813515663147]",4
sub-01,ctxdm,lco,02,111013.0,47s,"[-0.03494139388203621, -0.11839848756790161, -0.1900787502527237]",1
sub-01,ctxdm,lco,02,11213.0,47s,"[0.4585293233394623, -0.0661177784204483, -0.2062530219554901]",4
sub-01,ctxdm,lco,02,10003.0,47s,"[0.43042463064193726, 0.3815179467201233, 0.41089993715286255]",4
sub-01,ctxdm,lco,02,110201.0,47s,"[1.1288583278656006, 1.1184971332550049, 1.1977555751800537]",3
sub-01,ctxdm,lco,02,11101.0,47s,"[0.16216784715652466, 0.8777722716331482, 1.004087209701538]",3
sub-01,ctxdm,lco,02,1003.0,47s,"[0.233673095703125, 0.27397072315216064, 0.4645625650882721]",3
sub-01,ctxdm,lco,02,101213.0,47s,"[0.09162057191133499, 0.4900512099266052, 0.5350055694580078]",3
sub-01,interdms,loc_ABAB,01,13110103.0,47s,"[0.8637672066688538, 0.7373179197311401, -0.06368784606456757, -0.14120028913021088]",4
sub-01,interdms,loc_ABAB,01,3020203.0,47s,"[0.5250175595283508, 0.7459223866462708, 0.038075629621744156, -0.3537636995315552]",4
sub-01,interdms,loc_ABAB,01,130110.0,47s,"[-0.1434393972158432, -0.5658543705940247, -0.639573872089386, -0.5819126963615417]",4
sub-01,interdms,loc_ABAB,01,001310.0,47s,"[1.0312918424606323, 1.0812963247299194, -0.1663181185722351, -0.07819166034460068]",4
sub-01,interdms,loc_ABAB,01,121211.0,47s,"[0.08231567591428757, 0.3088250160217285, -0.6137508749961853, -0.5044010877609253]",4
sub-01,interdms,loc_ABAB,01,11021200.0,47s,"[0.6465989351272583, 1.1127536296844482, 0.148713618516922, 0.3836517333984375]",4
sub-01,interdms,loc_ABAB,01,3110211.0,47s,"[1.2193089723587036, 1.0164581537246704, -0.11833330988883972, -0.12381528317928314]",4
sub-01,ctxdm,lco,01,101303.0,47s,"[0.07939602434635162, 0.3925633728504181, 0.5141907930374146]",4
sub-01,ctxdm,lco,01,30113.0,47s,"[1.0856043100357056, 0.5586916208267212, 0.5191841125488281]",4
sub-01,ctxdm,lco,01,120211.0,47s,"[0.08993297815322876, 0.41193652153015137, 0.4475899040699005]",4
sub-01,ctxdm,lco,01,100212.0,47s,"[0.6192948222160339, 0.4495967626571655, 0.5040168166160583]",4
sub-01,ctxdm,lco,01,101213.0,47s,"[0.0982576236128807, -0.030779555439949036, -0.15690095722675323]",1
sub-01,ctxdm,lco,01,1003.0,47s,"[-0.622159481048584, -0.5044591426849365, -0.5046377778053284]",1
sub-01,ctxdm,lco,01,10013.0,47s,"[0.6001154184341431, 0.49709370732307434, 0.3227347731590271]",4
sub-01,ctxdm,lco,01,120002.0,47s,"[0.36406564712524414, 0.33691492676734924, 0.2871912717819214]",4
sub-01,ctxdm,lco,01,0001.0,47s,"[0.5312560200691223, 0.10508029907941818, 0.1631237417459488]",4
sub-01,ctxdm,lco,01,31213.0,47s,"[0.7415316700935364, 0.2709052264690399, 0.3175182342529297]",4
sub-01,ctxdm,lco,01,11101.0,47s,"[0.049805060029029846, 0.0639616921544075, 0.026825448498129845]",1
sub-01,ctxdm,lco,01,110201.0,47s,"[-0.020860770717263222, -0.38747134804725647, -0.08392607420682907]",1
sub-01,ctxdm,lco,01,30102.0,47s,"[0.25175583362579346, 0.32046911120414734, 0.4015302360057831]",4
sub-01,ctxdm,lco,01,30002.0,47s,"[-0.31503018736839294, 0.3982754945755005, 0.75885409116745]",3
sub-01,ctxdm,lco,01,110100.0,47s,"[1.1251311302185059, 0.8551168441772461, 0.8145186305046082]",3
sub-01,ctxdm,lco,01,111013.0,47s,"[0.06042168289422989, 0.749744713306427, 0.8707197904586792]",3
sub-01,ctxdm,lco,01,31002.0,47s,"[0.47558289766311646, 0.5864530801773071, 0.6878949403762817]",3
sub-01,1back,obj,01,1200130101,46,"[0.16260695457458496, -0.4164235293865204, -0.685114860534668, -0.7041606903076172, -0.8752996325492859]",4
sub-01,1back,obj,01,3110312031,46,"[0.07815732061862946, -0.6721189022064209, -0.7122893929481506, -0.9715698957443237, -1.0059722661972046]",4
sub-01,1back,obj,01,1110112011,46,"[0.5899466872215271, 0.2521967887878418, 0.0401214063167572, -0.03844212740659714, -0.02554016374051571]",4
sub-01,1back,obj,01,1310101110,46,"[0.4306483566761017, 0.027518615126609802, -0.18031010031700134, -0.38569366931915283, -0.4529511034488678]",4
sub-01,1back,obj,01,1000110012,46,"[0.27834856510162354, -0.65160071849823, -0.40793681144714355, -0.45769909024238586, -0.45640242099761963]",4
sub-01,1back,obj,01,1002110212,46,"[-0.5813934206962585, -1.0512441396713257, -0.9669492840766907, -1.1365646123886108, -1.3031742572784424]",4
sub-01,1back,obj,01,2130303100,46,"[-0.6231485605239868, -1.0987532138824463, -1.0054802894592285, -0.8414202928543091, -0.7146748900413513]",4
sub-01,1back,obj,01,2010301100,46,"[-0.05289075896143913, -0.8715267181396484, -1.0048023462295532, -1.0176304578781128, -0.8232660889625549]",4
sub-01,1back,obj,01,1000200030,46,"[0.2078348696231842, -0.18799911439418793, 0.014478377066552639, 0.07255037128925323, -0.09803289920091629]",4
sub-01,1back,obj,01,1302020302,46,"[-0.11172907054424286, -0.8076297044754028, -0.699264645576477, -0.6469295620918274, -0.48701372742652893]",4
sub-01,interdms,ctg_ABAB,01,13110103.0,46,"[0.01822728104889393, 0.5405863523483276, 0.17680765688419342, -0.0678028091788292]",4
sub-01,interdms,ctg_ABAB,01,3020203.0,46,"[-0.08817844092845917, -0.6678047776222229, -0.39747482538223267, -0.4115719795227051]",4
sub-01,interdms,ctg_ABAB,01,130110.0,46,"[0.6675925850868225, 0.8737761378288269, -0.4499324858188629, -0.6974068284034729]",4
sub-01,interdms,ctg_ABAB,01,001310.0,46,"[0.23943614959716797, -0.07424650341272354, -0.4644835591316223, -0.40474823117256165]",4
sub-01,interdms,ctg_ABAB,01,121211.0,46,"[0.36277860403060913, -0.6090835928916931, -0.8074222803115845, -0.5786048173904419]",4
sub-01,interdms,ctg_ABAB,01,11021200.0,46,"[-0.3158872723579407, -0.01447321381419897, 0.06182657182216644, 0.18006330728530884]",4
sub-01,interdms,ctg_ABAB,01,3110211.0,46,"[0.2519095540046692, 0.4897483289241791, 0.08059874176979065, -0.25029706954956055]",4
sub-01,interdms,obj_ABBA,01,13110103.0,46,"[0.700732946395874, 0.4886801838874817, 0.1774839609861374, 0.04291223734617233]",4
sub-01,interdms,obj_ABBA,01,3020203.0,46,"[0.5387946963310242, 0.8873066306114197, -0.06233499199151993, 0.037748921662569046]",4
sub-01,interdms,obj_ABBA,01,130110.0,46,"[1.1427080631256104, 0.8578563332557678, 0.06596691906452179, 0.21946100890636444]",4
sub-01,interdms,obj_ABBA,01,001310.0,46,"[0.9705911874771118, 0.7570866346359253, 0.3696303963661194, 0.35885971784591675]",4
sub-01,interdms,obj_ABBA,01,121211.0,46,"[0.2048894166946411, 0.19384104013442993, 0.16702356934547424, 0.41375932097435]",4
sub-01,interdms,obj_ABBA,01,11021200.0,46,"[0.39419662952423096, 0.9537495374679565, 0.2273493856191635, 0.20512373745441437]",4
sub-01,interdms,obj_ABBA,01,3110211.0,46,"[0.595801055431366, 0.8048183917999268, 0.3215397298336029, 0.14511580765247345]",4
sub-01,ctxdm,col,01,101303.0,46,"[0.5133882761001587, 0.3663092255592346, 0.17408928275108337]",4
sub-01,ctxdm,col,01,30113.0,46,"[0.49981626868247986, -0.11112648248672485, -0.25027647614479065]",4
sub-01,ctxdm,col,01,120211.0,46,"[0.8635253310203552, 0.13833016157150269, 0.1494908332824707]",4
sub-01,ctxdm,col,01,100212.0,46,"[0.8375449180603027, -0.301575243473053, -0.4829977750778198]",4
sub-01,ctxdm,col,01,101213.0,46,"[-1.1386616230010986, -1.1737197637557983, -1.0341286659240723]",1
sub-01,ctxdm,col,01,1003.0,46,"[-0.9397898316383362, -0.8066195845603943, -0.9800916910171509]",1
sub-01,ctxdm,col,01,10013.0,46,"[-0.18442927300930023, -0.5775549411773682, -0.6584226489067078]",4
sub-01,ctxdm,col,01,120002.0,46,"[0.6215841770172119, -0.32753196358680725, -0.4721343517303467]",4
sub-01,ctxdm,col,01,0001.0,46,"[0.2950277626514435, -0.11193551123142242, -0.2674436867237091]",4
sub-01,ctxdm,col,01,31213.0,46,"[0.4504022002220154, -0.6133390069007874, -0.6404134631156921]",4
sub-01,ctxdm,col,01,11101.0,46,"[-0.044400833547115326, -0.6263316869735718, -0.7941988110542297]",1
sub-01,ctxdm,col,01,110201.0,46,"[-0.26059433817863464, -0.47483307123184204, -0.16857951879501343]",1
sub-01,ctxdm,col,01,30102.0,46,"[1.0965576171875, -0.044247835874557495, -0.05487660691142082]",4
sub-01,ctxdm,col,01,30002.0,46,"[0.48027485609054565, -0.19636347889900208, -0.4359627068042755]",3
sub-01,ctxdm,col,01,110100.0,46,"[0.5630984902381897, 0.11176054179668427, 0.2559284567832947]",3
sub-01,ctxdm,col,01,111013.0,46,"[0.2096773386001587, 0.11672105640172958, -0.07026052474975586]",3
sub-01,ctxdm,col,01,31002.0,46,"[0.5377525687217712, 0.36298826336860657, 0.340616375207901]",3
sub-01,interdms,obj_ABAB,01,13110103.0,46,"[0.10763268172740936, 0.21101582050323486, 0.03492069989442825, 0.1265096664428711]",4
sub-01,interdms,obj_ABAB,01,3020203.0,46,"[0.585252046585083, 0.932981014251709, 0.2295243740081787, 0.2841472625732422]",4
sub-01,interdms,obj_ABAB,01,130110.0,46,"[0.8388391733169556, -0.0673421174287796, 0.17619872093200684, 0.3173980414867401]",4
sub-01,interdms,obj_ABAB,01,001310.0,46,"[0.4494704604148865, 0.6567288041114807, 0.3538910448551178, 0.28690025210380554]",4
sub-01,interdms,obj_ABAB,01,121211.0,46,"[0.6915530562400818, 1.1831845045089722, 0.3958195745944977, 0.04510950669646263]",4
sub-01,interdms,obj_ABAB,01,11021200.0,46,"[0.11383849382400513, 0.4954129755496979, 0.28527942299842834, 0.36646249890327454]",4
sub-01,interdms,obj_ABAB,01,3110211.0,46,"[0.3789830207824707, 0.7659410238265991, 0.17718535661697388, 0.12346181273460388]",4
sub-01,1back,loc,01,1100120013,46,"[0.6478940844535828, 0.16061174869537354, 0.19673651456832886, 0.25792479515075684, 0.27361205220222473]",4
sub-01,1back,loc,01,3100311031,46,"[0.1918306052684784, -0.03078301064670086, -0.18873485922813416, -0.5730077028274536, -0.7920593023300171]",4
sub-01,1back,loc,01,1100111011,46,"[0.06680577993392944, -0.8766211867332458, -0.8001421093940735, -0.559792697429657, -0.47696051001548767]",4
sub-01,1back,loc,01,1203131010,46,"[-0.13875991106033325, -1.2809096574783325, -1.4794330596923828, -1.6125198602676392, -1.6634808778762817]",4
sub-01,1back,loc,01,0300100011,46,"[-0.07317790389060974, -0.8351714015007019, -0.9303956627845764, -0.8078685998916626, -0.6401636600494385]",4
sub-01,1back,loc,01,3021002110,46,"[0.3918541371822357, -0.391095906496048, -0.5200984477996826, -0.3355853855609894, -0.47825026512145996]",4
sub-01,1back,loc,01,2120213030,46,"[-0.7841202020645142, -1.015765905380249, -0.8975297212600708, -0.9157702326774597, -1.2084912061691284]",4
sub-01,1back,loc,01,1010201030,46,"[-0.129164457321167, -1.441081166267395, -1.6480615139007568, -1.6652950048446655, -1.6310831308364868]",4
sub-01,1back,loc,01,0001000200,46,"[-0.19546644389629364, -1.0714569091796875, -1.2962837219238281, -1.2280478477478027, -1.5424959659576416]",4
sub-01,1back,loc,01,1201130202,46,"[-0.42469021677970886, -0.7784609198570251, -0.7622659802436829, -0.4065383970737457, -0.42638975381851196]",4
sub-01,interdms,ctg_ABBA,01,13110103.0,46,"[1.9358876943588257, 1.6706279516220093, 0.013086008839309216, -0.34316831827163696]",4
sub-01,interdms,ctg_ABBA,01,3020203.0,46,"[0.8324965238571167, 0.9262336492538452, -0.4637923836708069, -0.6316395998001099]",4
sub-01,interdms,ctg_ABBA,01,130110.0,46,"[-0.32707998156547546, -0.20594094693660736, -0.7048338055610657, -1.0007787942886353]",4
sub-01,interdms,ctg_ABBA,01,001310.0,46,"[0.33083170652389526, 0.011986997909843922, -0.5383853912353516, -0.6189881563186646]",4
sub-01,interdms,ctg_ABBA,01,121211.0,46,"[-0.43370774388313293, -0.3845593333244324, -0.6926838755607605, -0.9800962209701538]",4
sub-01,interdms,ctg_ABBA,01,11021200.0,46,"[0.10998878628015518, -0.12034574896097183, -0.22260910272598267, 0.0007814937853254378]",4
sub-01,interdms,ctg_ABBA,01,3110211.0,46,"[0.2185959666967392, -0.3553799092769623, -0.5072733163833618, -0.39527082443237305]",4
sub-01,interdms,loc_ABBA,01,13110103.0,46,"[1.7951706647872925, 2.377635955810547, 0.3860558867454529, 0.1890900582075119]",4
sub-01,interdms,loc_ABBA,01,3020203.0,46,"[-0.22967639565467834, -0.0727124810218811, 0.16602648794651031, 0.08710246533155441]",4
sub-01,interdms,loc_ABBA,01,130110.0,46,"[0.5280649065971375, 0.2297791689634323, -0.2597687244415283, -0.17114980518817902]",4
sub-01,interdms,loc_ABBA,01,001310.0,46,"[0.06618841737508774, 0.20456838607788086, 0.27799245715141296, 0.3014724850654602]",4
sub-01,interdms,loc_ABBA,01,121211.0,46,"[0.021139223128557205, 0.365750253200531, -0.014187038876116276, -0.3644222021102905]",4
sub-01,interdms,loc_ABBA,01,11021200.0,46,"[0.16536179184913635, 0.7627339363098145, 0.2636881172657013, 0.20570163428783417]",4
sub-01,interdms,loc_ABBA,01,3110211.0,46,"[0.5647597908973694, 1.3451931476593018, -0.12934622168540955, -0.21369820833206177]",4
sub-01,1back,ctg,01,1200130101,46,"[0.19922223687171936, -0.5010056495666504, -0.5525366067886353, -0.6303648948669434, -0.5181214213371277]",4
sub-01,1back,ctg,01,1003110312,46,"[-0.35489973425865173, -0.5051413178443909, -0.28557920455932617, -0.5198283195495605, -0.2107224315404892]",4
sub-01,1back,ctg,01,1001110112,46,"[-0.5778878927230835, -0.3730524182319641, -0.5045117735862732, -0.68658846616745, -0.879213273525238]",4
sub-01,1back,ctg,01,3131010111,46,"[0.3760054111480713, -0.4176582098007202, -0.6205443143844604, -0.7466106414794922, -0.6959184408187866]",4
sub-01,1back,ctg,01,3001000110,46,"[-0.048843320459127426, -0.7606813311576843, -0.8015421628952026, -1.1820369958877563, -0.9753021001815796]",4
sub-01,1back,ctg,01,2100211021,46,"[-0.678555965423584, -0.9541029334068298, -1.1118630170822144, -1.2069520950317383, -1.1703461408615112]",4
sub-01,1back,ctg,01,1202130303,46,"[-0.4224405586719513, -1.0693612098693848, -1.1810413599014282, -1.34068763256073, -1.2024577856063843]",4
sub-01,1back,ctg,01,1020103011,46,"[0.43623214960098267, -0.3634704053401947, -0.3261101543903351, -0.20805929601192474, 0.13158223032951355]",4
sub-01,1back,ctg,01,0100020003,46,"[0.22703959047794342, -0.014474106952548027, 0.08157854527235031, 0.12170557677745819, 0.2839529812335968]",4
sub-01,1back,ctg,01,1130202030,46,"[0.8042187094688416, 0.1295326054096222, 0.135934978723526, 0.20936261117458344, 0.20158635079860687]",4
sub-01,ctxdm,col,02,31110.0,46,"[0.2929098308086395, -0.09081946313381195, -0.14707598090171814]",4
sub-01,ctxdm,col,02,121311.0,46,"[0.29643937945365906, -0.08348505198955536, -0.22912515699863434]",4
sub-01,ctxdm,col,02,10010.0,46,"[0.12644527852535248, -0.13790905475616455, -0.13396959006786346]",4
sub-01,ctxdm,col,02,31002.0,46,"[-0.6382801532745361, 0.04182044789195061, 0.365896612405777]",1
sub-01,ctxdm,col,02,110100.0,46,"[0.9675302505493164, 0.2632487118244171, -0.15324550867080688]",1
sub-01,ctxdm,col,02,100103.0,46,"[0.03889429569244385, -0.38164135813713074, -0.49235329031944275]",4
sub-01,ctxdm,col,02,0302.0,46,"[1.1599843502044678, 0.12385194003582001, 0.1175718903541565]",4
sub-01,ctxdm,col,02,120113.0,46,"[0.6802023649215698, 0.265183687210083, -0.17186039686203003]",4
sub-01,ctxdm,col,02,30002.0,46,"[-0.09463676810264587, 0.6557126641273499, 1.1032044887542725]",1
sub-01,ctxdm,col,02,120212.0,46,"[0.9637644290924072, 0.03526398912072182, 0.30620959401130676]",4
sub-01,ctxdm,col,02,111013.0,46,"[0.602858304977417, 0.9825530648231506, 1.1034536361694336]",1
sub-01,ctxdm,col,02,11213.0,46,"[1.295544147491455, -0.00717798201367259, -0.10945629328489304]",4
sub-01,ctxdm,col,02,10003.0,46,"[0.36693793535232544, -0.22675973176956177, -0.0926806628704071]",4
sub-01,ctxdm,col,02,110201.0,46,"[-0.0672558918595314, -0.19168266654014587, -0.4099002182483673]",3
sub-01,ctxdm,col,02,11101.0,46,"[-0.2482231706380844, -0.5001647472381592, -0.23549890518188477]",3
sub-01,ctxdm,col,02,1003.0,46,"[-0.12471068650484085, -0.12339005619287491, -0.10836786031723022]",3
sub-01,ctxdm,col,02,101213.0,46,"[0.3644762933254242, 0.14774344861507416, 0.17368240654468536]",3
sub-01,ctxdm,lco,02,31110.0,46,"[0.3806082606315613, 0.014071641489863396, -0.16166315972805023]",4
sub-01,ctxdm,lco,02,121311.0,46,"[0.45854318141937256, -0.15697552263736725, -0.0906372219324112]",4
sub-01,ctxdm,lco,02,10010.0,46,"[0.3204297423362732, -0.4061933755874634, -0.3257667124271393]",4
sub-01,ctxdm,lco,02,31002.0,46,"[0.3770337700843811, 0.2199706882238388, -0.22725670039653778]",1
sub-01,ctxdm,lco,02,110100.0,46,"[0.06961426138877869, -0.6029930710792542, -1.0146851539611816]",1
sub-01,ctxdm,lco,02,100103.0,46,"[0.6579646468162537, -0.5876640677452087, -1.1016688346862793]",4
sub-01,ctxdm,lco,02,0302.0,46,"[0.5334509611129761, -0.7624015212059021, -0.8531492948532104]",4
sub-01,ctxdm,lco,02,120113.0,46,"[0.415730357170105, -0.7622959017753601, -0.7206507325172424]",4
sub-01,ctxdm,lco,02,30002.0,46,"[-0.015319994650781155, -0.409312903881073, -0.18325117230415344]",1
sub-01,ctxdm,lco,02,120212.0,46,"[0.13961488008499146, 0.2812345623970032, 0.14414680004119873]",4
sub-01,ctxdm,lco,02,111013.0,46,"[1.106222152709961, 1.2301387786865234, 1.8900340795516968]",1
sub-01,ctxdm,lco,02,11213.0,46,"[1.4655022621154785, 0.39495211839675903, 0.21421261131763458]",4
sub-01,ctxdm,lco,02,10003.0,46,"[-0.05602334812283516, -0.19039413332939148, -0.22406530380249023]",4
sub-01,ctxdm,lco,02,110201.0,46,"[0.32569628953933716, -0.34080272912979126, -0.3468646705150604]",3
sub-01,ctxdm,lco,02,11101.0,46,"[0.1792367398738861, -0.2950827181339264, -0.02598937414586544]",3
sub-01,ctxdm,lco,02,1003.0,46,"[0.9727392792701721, -0.2611701786518097, -0.22545675933361053]",3
sub-01,ctxdm,lco,02,101213.0,46,"[0.5504792928695679, -0.05839843302965164, 0.23111824691295624]",3
sub-01,interdms,loc_ABAB,01,13110103.0,46,"[1.2263964414596558, 0.9605767130851746, -0.22858589887619019, -0.5935320258140564]",4
sub-01,interdms,loc_ABAB,01,3020203.0,46,"[-0.4792915880680084, 1.3870623111724854, -0.272469699382782, -0.8090510964393616]",4
sub-01,interdms,loc_ABAB,01,130110.0,46,"[1.1427735090255737, -0.3609897792339325, -1.2990978956222534, -1.5826811790466309]",4
sub-01,interdms,loc_ABAB,01,001310.0,46,"[-0.015068002045154572, 0.3894607722759247, -0.49894487857818604, -0.46636348962783813]",4
sub-01,interdms,loc_ABAB,01,121211.0,46,"[0.6812122464179993, 0.6830015778541565, -1.2434295415878296, -1.2500661611557007]",4
sub-01,interdms,loc_ABAB,01,11021200.0,46,"[0.011197967454791069, 0.9317558407783508, -0.18598626554012299, -0.017734261229634285]",4
sub-01,interdms,loc_ABAB,01,3110211.0,46,"[0.2514481544494629, -0.04298999533057213, -0.9479719996452332, -0.9327414035797119]",4
sub-01,ctxdm,lco,01,101303.0,46,"[1.1180082559585571, 0.498180091381073, 0.4802400767803192]",4
sub-01,ctxdm,lco,01,30113.0,46,"[0.004411502741277218, -0.4586043655872345, -0.47952884435653687]",4
sub-01,ctxdm,lco,01,120211.0,46,"[0.6186227202415466, 0.024930957704782486, -0.008656292222440243]",4
sub-01,ctxdm,lco,01,100212.0,46,"[0.5924422144889832, 0.4869886040687561, 0.6077721118927002]",4
sub-01,ctxdm,lco,01,101213.0,46,"[0.6838585138320923, -0.4759403169155121, -0.41324582695961]",1
sub-01,ctxdm,lco,01,1003.0,46,"[-0.32865390181541443, -0.31978899240493774, -0.6030734777450562]",1
sub-01,ctxdm,lco,01,10013.0,46,"[1.046695351600647, 0.6191926598548889, 0.4119795858860016]",4
sub-01,ctxdm,lco,01,120002.0,46,"[1.4667727947235107, 0.7803160548210144, 0.6744040250778198]",4
sub-01,ctxdm,lco,01,0001.0,46,"[0.9709451794624329, 0.13514888286590576, 0.4369695782661438]",4
sub-01,ctxdm,lco,01,31213.0,46,"[0.019801491871476173, -0.6183223724365234, -0.8704862594604492]",4
sub-01,ctxdm,lco,01,11101.0,46,"[-0.1231231838464737, -1.3854100704193115, -1.0542243719100952]",1
sub-01,ctxdm,lco,01,110201.0,46,"[0.07229296118021011, -1.0274150371551514, -0.7829415202140808]",1
sub-01,ctxdm,lco,01,30102.0,46,"[0.4103787839412689, 0.15230466425418854, -0.15866297483444214]",4
sub-01,ctxdm,lco,01,30002.0,46,"[1.1924773454666138, 1.1953617334365845, 1.3261640071868896]",3
sub-01,ctxdm,lco,01,110100.0,46,"[0.5742524862289429, -0.007872162386775017, 0.3077819347381592]",3
sub-01,ctxdm,lco,01,111013.0,46,"[1.3936903476715088, 1.040488839149475, 1.015561580657959]",3
sub-01,ctxdm,lco,01,31002.0,46,"[0.6888373494148254, 0.8325199484825134, 0.9210061430931091]",3
sub-01,1back,obj,01,1200130101,9-46d,"[0.43348243832588196, -0.35221073031425476, -0.6561180949211121, -0.8502346873283386, -1.1024010181427002]",4
sub-01,1back,obj,01,3110312031,9-46d,"[-0.40560203790664673, -1.315854549407959, -1.2827411890029907, -1.5797350406646729, -1.708871841430664]",4
sub-01,1back,obj,01,1110112011,9-46d,"[0.624943733215332, -0.510532557964325, -0.7236330509185791, -0.7400320172309875, -0.8240929841995239]",4
sub-01,1back,obj,01,1310101110,9-46d,"[-0.09248236566781998, -0.3966446816921234, -0.5706247091293335, -0.7110103964805603, -0.8354159593582153]",4
sub-01,1back,obj,01,1000110012,9-46d,"[0.5714072585105896, -0.9216907024383545, -0.87938392162323, -0.9067927002906799, -0.8719643950462341]",4
sub-01,1back,obj,01,1002110212,9-46d,"[-0.4098929464817047, -1.1282497644424438, -1.2618659734725952, -1.379477858543396, -1.5264918804168701]",4
sub-01,1back,obj,01,2130303100,9-46d,"[-0.16225895285606384, -0.4358869194984436, -0.3403382897377014, -0.21419166028499603, -0.09141890704631805]",4
sub-01,1back,obj,01,2010301100,9-46d,"[0.8416707515716553, 0.2560444474220276, 0.08837823569774628, 0.06611013412475586, 0.045456815510988235]",4
sub-01,1back,obj,01,1000200030,9-46d,"[0.5350626707077026, -0.5692647695541382, -0.49583157896995544, -0.5809450149536133, -0.6074790358543396]",4
sub-01,1back,obj,01,1302020302,9-46d,"[0.21061603724956512, -0.9059451818466187, -0.6457160115242004, -0.5265464186668396, -0.3270097076892853]",4
sub-01,interdms,ctg_ABAB,01,13110103.0,9-46d,"[0.09622830152511597, 0.97674959897995, 0.41681864857673645, 0.16602455079555511]",4
sub-01,interdms,ctg_ABAB,01,3020203.0,9-46d,"[-0.13197067379951477, -0.7495728731155396, -0.5489785671234131, -0.6723034977912903]",4
sub-01,interdms,ctg_ABAB,01,130110.0,9-46d,"[-0.3940846025943756, -0.09735718369483948, -0.7051806449890137, -1.1840906143188477]",4
sub-01,interdms,ctg_ABAB,01,001310.0,9-46d,"[0.3465011417865753, 0.47628313302993774, -0.36978697776794434, -0.5765908360481262]",4
sub-01,interdms,ctg_ABAB,01,121211.0,9-46d,"[0.3470855951309204, -0.42556267976760864, -0.8931704163551331, -0.7590545415878296]",4
sub-01,interdms,ctg_ABAB,01,11021200.0,9-46d,"[0.25789105892181396, 1.0126712322235107, 0.3265344798564911, 0.33598148822784424]",4
sub-01,interdms,ctg_ABAB,01,3110211.0,9-46d,"[0.4981507360935211, 0.33078640699386597, -0.21083658933639526, -0.6586961150169373]",4
sub-01,interdms,obj_ABBA,01,13110103.0,9-46d,"[0.35507553815841675, 0.7115529775619507, 0.44222915172576904, 0.29118844866752625]",4
sub-01,interdms,obj_ABBA,01,3020203.0,9-46d,"[0.7875333428382874, 0.7340570688247681, -0.2409966140985489, -0.24549226462841034]",4
sub-01,interdms,obj_ABBA,01,130110.0,9-46d,"[1.1727439165115356, 1.407824158668518, -0.13582292199134827, -0.40042734146118164]",4
sub-01,interdms,obj_ABBA,01,001310.0,9-46d,"[0.8615564703941345, 0.8591790199279785, 0.16205106675624847, -0.14613096415996552]",4
sub-01,interdms,obj_ABBA,01,121211.0,9-46d,"[-0.36008530855178833, 0.03755750134587288, -0.12196946889162064, -0.3070305287837982]",4
sub-01,interdms,obj_ABBA,01,11021200.0,9-46d,"[0.6342054605484009, 1.1841678619384766, 0.3174445629119873, 0.23452086746692657]",4
sub-01,interdms,obj_ABBA,01,3110211.0,9-46d,"[-0.13392990827560425, 0.1849156767129898, 0.11454654484987259, 0.06688693165779114]",4
sub-01,ctxdm,col,01,101303.0,9-46d,"[0.5386343598365784, -0.11040671169757843, -0.28933611512184143]",4
sub-01,ctxdm,col,01,30113.0,9-46d,"[-0.025472287088632584, -0.10854607075452805, -0.19078046083450317]",4
sub-01,ctxdm,col,01,120211.0,9-46d,"[0.8059080243110657, 0.4118843078613281, 0.4256894588470459]",4
sub-01,ctxdm,col,01,100212.0,9-46d,"[1.5450488328933716, 0.04172990843653679, -0.1680382788181305]",4
sub-01,ctxdm,col,01,101213.0,9-46d,"[0.19164852797985077, -0.14140643179416656, 0.09656866639852524]",1
sub-01,ctxdm,col,01,1003.0,9-46d,"[-0.19927048683166504, 0.29100486636161804, 0.10820968449115753]",1
sub-01,ctxdm,col,01,10013.0,9-46d,"[0.34186017513275146, -0.09212019294500351, -0.23469285666942596]",4
sub-01,ctxdm,col,01,120002.0,9-46d,"[0.9401977062225342, 0.18338611721992493, -0.011309247463941574]",4
sub-01,ctxdm,col,01,0001.0,9-46d,"[1.0159207582473755, 0.1234762966632843, -0.1530930995941162]",4
sub-01,ctxdm,col,01,31213.0,9-46d,"[0.5727030634880066, -0.36878693103790283, -0.6379894614219666]",4
sub-01,ctxdm,col,01,11101.0,9-46d,"[-0.6255901455879211, -1.2057468891143799, -1.4148086309432983]",1
sub-01,ctxdm,col,01,110201.0,9-46d,"[0.017438597977161407, -0.7455493807792664, -0.8294999003410339]",1
sub-01,ctxdm,col,01,30102.0,9-46d,"[0.9379076957702637, 0.3495517075061798, 0.4244305491447449]",4
sub-01,ctxdm,col,01,30002.0,9-46d,"[0.5622978806495667, 0.10807152837514877, -0.12688986957073212]",3
sub-01,ctxdm,col,01,110100.0,9-46d,"[0.2755838930606842, 0.012453149072825909, -0.20660029351711273]",3
sub-01,ctxdm,col,01,111013.0,9-46d,"[0.18123212456703186, -0.2129615843296051, -0.5556020140647888]",3
sub-01,ctxdm,col,01,31002.0,9-46d,"[0.03746359422802925, -0.07048460096120834, -0.009833136573433876]",3
sub-01,interdms,obj_ABAB,01,13110103.0,9-46d,"[-0.22516590356826782, 0.25282320380210876, 0.29128745198249817, 0.2720809578895569]",4
sub-01,interdms,obj_ABAB,01,3020203.0,9-46d,"[0.6187269687652588, 1.4520896673202515, 0.258906751871109, 0.01841443032026291]",4
sub-01,interdms,obj_ABAB,01,130110.0,9-46d,"[-0.5717692375183105, -0.5118191242218018, -0.06362157315015793, -0.04844692349433899]",4
sub-01,interdms,obj_ABAB,01,001310.0,9-46d,"[0.34254318475723267, 0.38660284876823425, 0.047231629490852356, 0.00696871243417263]",4
sub-01,interdms,obj_ABAB,01,121211.0,9-46d,"[-0.09721481800079346, 1.0653959512710571, 0.2037249505519867, -0.2881500720977783]",4
sub-01,interdms,obj_ABAB,01,11021200.0,9-46d,"[0.9632948637008667, 1.1520791053771973, 0.6008586287498474, 0.5145605206489563]",4
sub-01,interdms,obj_ABAB,01,3110211.0,9-46d,"[0.37411463260650635, 0.9018670320510864, 0.43867239356040955, 0.25070133805274963]",4
sub-01,1back,loc,01,1100120013,9-46d,"[1.1456000804901123, -0.08380045741796494, -0.014661172404885292, 0.21871323883533478, 0.267353892326355]",4
sub-01,1back,loc,01,3100311031,9-46d,"[-0.08765339106321335, -0.3738136887550354, -0.35360583662986755, -0.7865427732467651, -0.9028563499450684]",4
sub-01,1back,loc,01,1100111011,9-46d,"[0.3030189573764801, -0.6288604736328125, -0.7968306541442871, -0.8405170440673828, -1.0034223794937134]",4
sub-01,1back,loc,01,1203131010,9-46d,"[0.007582031190395355, -0.811490535736084, -1.0218958854675293, -0.9546728134155273, -1.2828603982925415]",4
sub-01,1back,loc,01,0300100011,9-46d,"[-0.3380855619907379, -1.2308870553970337, -1.276509165763855, -1.088913917541504, -0.9564499855041504]",4
sub-01,1back,loc,01,3021002110,9-46d,"[0.4992077648639679, -0.9151126146316528, -1.195831298828125, -0.9647960662841797, -0.8842540979385376]",4
sub-01,1back,loc,01,2120213030,9-46d,"[0.8521252274513245, -0.2016734480857849, -0.20098939538002014, -0.236908957362175, -0.5993782877922058]",4
sub-01,1back,loc,01,1010201030,9-46d,"[0.33049264550209045, -0.08410578221082687, -0.13553449511528015, -0.11119700968265533, -0.30691683292388916]",4
sub-01,1back,loc,01,0001000200,9-46d,"[0.13541188836097717, -0.7109591960906982, -0.8504831194877625, -0.9095703959465027, -1.1552931070327759]",4
sub-01,1back,loc,01,1201130202,9-46d,"[0.18260280787944794, -0.7332903146743774, -0.8549038171768188, -0.65108323097229, -0.6085274815559387]",4
sub-01,interdms,ctg_ABBA,01,13110103.0,9-46d,"[1.6044306755065918, 1.8745341300964355, 0.2199079394340515, -0.2604128420352936]",4
sub-01,interdms,ctg_ABBA,01,3020203.0,9-46d,"[0.22712893784046173, 0.3413679599761963, -0.4463290572166443, -0.6787340641021729]",4
sub-01,interdms,ctg_ABBA,01,130110.0,9-46d,"[-0.5064540505409241, -0.7618008255958557, -0.9646567106246948, -1.3361088037490845]",4
sub-01,interdms,ctg_ABBA,01,001310.0,9-46d,"[-0.821324348449707, -0.3784054219722748, -0.8400946259498596, -0.9833663105964661]",4
sub-01,interdms,ctg_ABBA,01,121211.0,9-46d,"[0.2873642146587372, 0.0016599209047853947, -0.7806723713874817, -1.2244596481323242]",4
sub-01,interdms,ctg_ABBA,01,11021200.0,9-46d,"[0.8207364082336426, 0.3120564818382263, 0.03915249928832054, 0.10189115256071091]",4
sub-01,interdms,ctg_ABBA,01,3110211.0,9-46d,"[0.36806192994117737, 0.17797109484672546, -0.3604757487773895, -0.29415658116340637]",4
sub-01,interdms,loc_ABBA,01,13110103.0,9-46d,"[1.112649917602539, 2.2869718074798584, 0.6858746409416199, 0.5691960453987122]",4
sub-01,interdms,loc_ABBA,01,3020203.0,9-46d,"[-0.007964372634887695, 0.9392520189285278, 0.5520387887954712, 0.22822563350200653]",4
sub-01,interdms,loc_ABBA,01,130110.0,9-46d,"[0.5962494611740112, 0.36095404624938965, 0.006446892861276865, 0.1322077065706253]",4
sub-01,interdms,loc_ABBA,01,001310.0,9-46d,"[0.4961066246032715, 0.8647722601890564, 0.5689449906349182, 0.38582658767700195]",4
sub-01,interdms,loc_ABBA,01,121211.0,9-46d,"[0.6256393194198608, 0.8725994825363159, 0.22947841882705688, -0.27062422037124634]",4
sub-01,interdms,loc_ABBA,01,11021200.0,9-46d,"[0.026909606531262398, 0.9784592986106873, 0.4967268407344818, 0.32866159081459045]",4
sub-01,interdms,loc_ABBA,01,3110211.0,9-46d,"[-0.5999516844749451, 0.6344634890556335, 0.21090111136436462, 0.06620081514120102]",4
sub-01,1back,ctg,01,1200130101,9-46d,"[0.8853592872619629, -0.22983209788799286, -0.31223616003990173, -0.3780858516693115, -0.2973252534866333]",4
sub-01,1back,ctg,01,1003110312,9-46d,"[0.3103621304035187, -0.11858714371919632, 0.09478940814733505, -0.1426970511674881, 0.11639458686113358]",4
sub-01,1back,ctg,01,1001110112,9-46d,"[0.07680799812078476, -0.5206388831138611, -0.8213711977005005, -1.1147428750991821, -1.371956706047058]",4
sub-01,1back,ctg,01,3131010111,9-46d,"[0.1488628089427948, -0.7086540460586548, -0.7772833704948425, -0.8835504651069641, -0.5959914326667786]",4
sub-01,1back,ctg,01,3001000110,9-46d,"[0.4392938017845154, -1.0177559852600098, -1.0339570045471191, -1.3313463926315308, -1.0054243803024292]",4
sub-01,1back,ctg,01,2100211021,9-46d,"[0.2680187225341797, -0.8719267249107361, -1.0393460988998413, -1.0719910860061646, -0.9593726396560669]",4
sub-01,1back,ctg,01,1202130303,9-46d,"[0.026975952088832855, -0.7107207179069519, -0.8446497917175293, -1.2239019870758057, -1.1670242547988892]",4
sub-01,1back,ctg,01,1020103011,9-46d,"[0.4277041256427765, -0.6143556237220764, -0.8329653739929199, -0.8414390683174133, -0.7318897247314453]",4
sub-01,1back,ctg,01,0100020003,9-46d,"[0.23300743103027344, -0.8597291707992554, -0.8513180613517761, -0.8204004168510437, -0.7473134994506836]",4
sub-01,1back,ctg,01,1130202030,9-46d,"[0.5915579795837402, -0.42978528141975403, -0.32506638765335083, -0.2762161195278168, -0.29299041628837585]",4
sub-01,ctxdm,col,02,31110.0,9-46d,"[0.1090196743607521, -0.08898429572582245, -0.07446716725826263]",4
sub-01,ctxdm,col,02,121311.0,9-46d,"[0.7078549265861511, 0.12498752027750015, -0.35277828574180603]",4
sub-01,ctxdm,col,02,10010.0,9-46d,"[0.5834519863128662, -0.3641830086708069, -0.5207887887954712]",4
sub-01,ctxdm,col,02,31002.0,9-46d,"[0.48832616209983826, 0.5404809713363647, 0.48236432671546936]",1
sub-01,ctxdm,col,02,110100.0,9-46d,"[-0.0637829378247261, 0.4333532452583313, -0.17788052558898926]",1
sub-01,ctxdm,col,02,100103.0,9-46d,"[0.03743379935622215, -0.5534557700157166, -0.81712406873703]",4
sub-01,ctxdm,col,02,0302.0,9-46d,"[1.775259017944336, 0.5132941603660583, 0.14942669868469238]",4
sub-01,ctxdm,col,02,120113.0,9-46d,"[0.5053360462188721, 0.36776286363601685, -0.17717334628105164]",4
sub-01,ctxdm,col,02,30002.0,9-46d,"[0.7813127040863037, 0.4869491159915924, 0.8811512589454651]",1
sub-01,ctxdm,col,02,120212.0,9-46d,"[1.0053436756134033, 0.10090313106775284, 0.29764410853385925]",4
sub-01,ctxdm,col,02,111013.0,9-46d,"[0.34777411818504333, 1.3103188276290894, 1.5433238744735718]",1
sub-01,ctxdm,col,02,11213.0,9-46d,"[1.3161096572875977, 0.30463024973869324, 0.07157956808805466]",4
sub-01,ctxdm,col,02,10003.0,9-46d,"[0.41227927803993225, -0.4443119764328003, -0.5067467093467712]",4
sub-01,ctxdm,col,02,110201.0,9-46d,"[0.5617163777351379, -0.12057944387197495, -0.4544633626937866]",3
sub-01,ctxdm,col,02,11101.0,9-46d,"[-0.37648093700408936, -0.534324049949646, -0.4446514844894409]",3
sub-01,ctxdm,col,02,1003.0,9-46d,"[0.36671194434165955, -0.3553099036216736, -0.37189626693725586]",3
sub-01,ctxdm,col,02,101213.0,9-46d,"[0.31189027428627014, 0.20472730696201324, 0.38392823934555054]",3
sub-01,ctxdm,lco,02,31110.0,9-46d,"[0.828026533126831, 0.12456168979406357, -0.2847468852996826]",4
sub-01,ctxdm,lco,02,121311.0,9-46d,"[0.6455470323562622, -0.20661060512065887, -0.3037815988063812]",4
sub-01,ctxdm,lco,02,10010.0,9-46d,"[0.12308669835329056, -0.5472149848937988, -0.859231173992157]",4
sub-01,ctxdm,lco,02,31002.0,9-46d,"[0.044754061847925186, 0.5882834792137146, 0.1785060167312622]",1
sub-01,ctxdm,lco,02,110100.0,9-46d,"[-0.35345879197120667, 0.01778632029891014, -0.5981777906417847]",1
sub-01,ctxdm,lco,02,100103.0,9-46d,"[0.035648148506879807, -0.9110575914382935, -1.5026230812072754]",4
sub-01,ctxdm,lco,02,0302.0,9-46d,"[0.33531859517097473, -0.22106577455997467, -0.5348604917526245]",4
sub-01,ctxdm,lco,02,120113.0,9-46d,"[0.6747183203697205, -0.367213636636734, -0.5930758714675903]",4
sub-01,ctxdm,lco,02,30002.0,9-46d,"[0.7332145571708679, 0.09566114097833633, 0.09151846915483475]",1
sub-01,ctxdm,lco,02,120212.0,9-46d,"[0.666456401348114, 0.3630642890930176, -0.011615519411861897]",4
sub-01,ctxdm,lco,02,111013.0,9-46d,"[1.785610556602478, 1.3793591260910034, 1.602648138999939]",1
sub-01,ctxdm,lco,02,11213.0,9-46d,"[1.7454091310501099, 0.30216383934020996, 0.10868512839078903]",4
sub-01,ctxdm,lco,02,10003.0,9-46d,"[0.39270949363708496, -0.22618331015110016, -0.5038890242576599]",4
sub-01,ctxdm,lco,02,110201.0,9-46d,"[0.43673327565193176, -0.39145150780677795, -0.517285168170929]",3
sub-01,ctxdm,lco,02,11101.0,9-46d,"[0.11352937668561935, -0.4874943494796753, -0.41913366317749023]",3
sub-01,ctxdm,lco,02,1003.0,9-46d,"[1.0854231119155884, -0.2834260165691376, -0.41065624356269836]",3
sub-01,ctxdm,lco,02,101213.0,9-46d,"[0.28585314750671387, 0.1379765123128891, 0.4850611984729767]",3
sub-01,interdms,loc_ABAB,01,13110103.0,9-46d,"[0.6448256969451904, 1.3513342142105103, 0.2459954470396042, -0.14531771838665009]",4
sub-01,interdms,loc_ABAB,01,3020203.0,9-46d,"[0.49412935972213745, 1.8322709798812866, 0.10979801416397095, -0.5735792517662048]",4
sub-01,interdms,loc_ABAB,01,130110.0,9-46d,"[1.0296505689620972, 0.3637428879737854, -0.6418407559394836, -1.0881370306015015]",4
sub-01,interdms,loc_ABAB,01,001310.0,9-46d,"[0.7197986841201782, 0.557536244392395, -0.19453106820583344, -0.23485736548900604]",4
sub-01,interdms,loc_ABAB,01,121211.0,9-46d,"[0.048848167061805725, 0.16936255991458893, -0.7851923108100891, -0.9991008043289185]",4
sub-01,interdms,loc_ABAB,01,11021200.0,9-46d,"[0.18906661868095398, 1.5660266876220703, 0.4047270715236664, 0.3437838852405548]",4
sub-01,interdms,loc_ABAB,01,3110211.0,9-46d,"[0.4068363308906555, 0.4694552719593048, -0.4658261835575104, -0.6541757583618164]",4
sub-01,ctxdm,lco,01,101303.0,9-46d,"[0.6285383701324463, 0.17106513679027557, -0.01130713988095522]",4
sub-01,ctxdm,lco,01,30113.0,9-46d,"[0.48568296432495117, -0.2828076183795929, -0.5140935182571411]",4
sub-01,ctxdm,lco,01,120211.0,9-46d,"[0.15812093019485474, 0.14416652917861938, 0.0928976982831955]",4
sub-01,ctxdm,lco,01,100212.0,9-46d,"[0.275042861700058, 0.2234625518321991, 0.038029659539461136]",4
sub-01,ctxdm,lco,01,101213.0,9-46d,"[0.8776431083679199, -0.5171673893928528, -0.32878783345222473]",1
sub-01,ctxdm,lco,01,1003.0,9-46d,"[0.8171581029891968, 0.11547514796257019, -0.6450038552284241]",1
sub-01,ctxdm,lco,01,10013.0,9-46d,"[0.6339514255523682, 0.42378106713294983, 0.07174781709909439]",4
sub-01,ctxdm,lco,01,120002.0,9-46d,"[1.232124924659729, 0.7064917683601379, 0.3562920391559601]",4
sub-01,ctxdm,lco,01,0001.0,9-46d,"[0.7496000528335571, 0.2104516625404358, 0.4213581681251526]",4
sub-01,ctxdm,lco,01,31213.0,9-46d,"[0.20799309015274048, -0.5124714970588684, -0.8746989965438843]",4
sub-01,ctxdm,lco,01,11101.0,9-46d,"[-0.056166209280490875, -1.030220627784729, -1.1790857315063477]",1
sub-01,ctxdm,lco,01,110201.0,9-46d,"[1.4579434394836426, -0.6951320171356201, -0.6928446292877197]",1
sub-01,ctxdm,lco,01,30102.0,9-46d,"[0.4202718436717987, 0.022844823077321053, -0.2790239453315735]",4
sub-01,ctxdm,lco,01,30002.0,9-46d,"[0.7097681164741516, 0.6466217637062073, 0.4810478687286377]",3
sub-01,ctxdm,lco,01,110100.0,9-46d,"[0.5408551692962646, -0.16478265821933746, -0.12578430771827698]",3
sub-01,ctxdm,lco,01,111013.0,9-46d,"[1.2000988721847534, 0.709793746471405, 0.5908175110816956]",3
sub-01,ctxdm,lco,01,31002.0,9-46d,"[1.3164057731628418, 0.6998388767242432, 0.7367115020751953]",3
